index,collision id,borough,contributing factor vehicle 1,crash date,crash time,location,vehicle type code 1,vehicle type code 2,number of motorist injured,number of persons killed,zip code,contributing factor vehicle 2,contributing factor vehicle 4,cross street name,vehicle type code 3
0,QUEENS,Failure to Yield Right-of-Way,1/7/2025,1899-12-30 11:51:00,"(40.779884, -73.80321)",Sedan,,0,0,11357,,,WILLETS POINT BOULEVARD,,
1,QUEENS,Unspecified,12/30/2024,1899-12-30 12:30:00,"(40.73002, -73.82347)",Bike,,0,0,11367,,,MAIN ST,,
2,MANHATTAN,Unspecified,12/29/2024,1899-12-30 06:02:00,"(40.719864, -73.9917)",Station Wagon/Sport Utility Vehicle,Sedan,0,0,10002,,,,,
3,,Turning Improperly,12/29/2024,1899-12-30 20:00:00,"(40.729515, -73.87149)",Station Wagon/Sport Utility Vehicle,Station Wagon/Sport Utility Vehicle,0,0,,Unspecified,,ELIOT AVE,,
4,,Driver Inattention/Distraction,12/29/2024,1899-12-30 22:10:00,"(40.605522, -74.18429)",Station Wagon/Sport Utility Vehicle,Station Wagon/Sport Utility Vehicle,3,0,,Unspecified,,,,
5,,Pavement Slippery,12/29/2024,1899-12-30 03:04:00,"(40.738842, -73.81404)",Convertible,,0,0,,,,,,
6,BRONX,Unspecified,12/29/2024,1899-12-30 17:28:00,"(40.834736, -73.82151)",Station Wagon/Sport Utility Vehicle,Sedan,2,0,10465,Unspecified,,THROGMORTON AVE,,
7,BROOKLYN,Driver Inattention/Distraction,12/29/2024,1899-12-30 16:55:00,"(40.673702, -74.00443)",Sedan,Sedan,0,0,11231,Unspecified,,HENRY ST,,
8,BROOKLYN,Driver Inattention/Distraction,12/29/2024,1899-12-30 13:35:00,"(40.61255, -73.96286)",Station Wagon/Sport Utility Vehicle,Station Wagon/Sport Utility Vehicle,0,0,11230,Unspecified,,AVENUE O,,
9,QUEENS,Unspecified,12/29/2024,1899-12-30 03:27:00,"(40.72319, -73.73784)",Sedan,Sedan,0,0,11428,Unspecified,,,,
10,QUEENS,Unspecified,12/29/2024,1899-12-30 02:00:00,"(40.7433, -73.86749)",Sedan,Sedan,0,0,11368,Unspecified,,ALSTYNE AVE,,
11,,Driver Inattention/Distraction,12/29/2024,1899-12-30 22:00:00,"(40.640224, -74.136665)",Sedan,Station Wagon/Sport Utility Vehicle,0,0,,Unspecified,,SHARPE AVE,,
12,BROOKLYN,Driver Inattention/Distraction,12/29/2024,1899-12-30 11:55:00,"(40.701527, -73.98675)",Station Wagon/Sport Utility Vehicle,Box Truck,0,0,11201,Unspecified,,YORK ST,,
13,QUEENS,Passing Too Closely,12/29/2024,1899-12-30 03:20:00,"(40.74216, -73.80443)",Taxi,Sedan,1,0,11365,Unspecified,,BOOTH MEMORIAL AVE,,
14,QUEENS,Unspecified,12/29/2024,1899-12-30 08:00:00,"(0.0, 0.0)",Sedan,Sedan,0,0,11418,Unspecified,,,,
15,MANHATTAN,Passing Too Closely,12/29/2024,1899-12-30 16:09:00,"(40.757908, -73.989296)",Sedan,Sedan,0,0,10036,Passing or Lane Usage Improper,,8 AVE,,
16,,Driver Inattention/Distraction,12/29/2024,1899-12-30 18:45:00,"(40.675323, -73.86331)",Sedan,Sedan,0,0,,Unspecified,,FORBELL ST,,
17,QUEENS,Passing or Lane Usage Improper,12/29/2024,1899-12-30 17:25:00,"(40.757133, -73.870415)",Station Wagon/Sport Utility Vehicle,Moped,2,0,11368,Unspecified,,98 ST,,
18,QUEENS,Driver Inattention/Distraction,12/29/2024,1899-12-30 08:00:00,"(40.685444, -73.82678)",Station Wagon/Sport Utility Vehicle,,0,0,11419,Unspecified,,,,
19,BROOKLYN,Alcohol Involvement,12/29/2024,1899-12-30 00:01:00,"(40.696053, -73.985085)",Sedan,Sedan,0,0,11201,Unspecified,,BRIDGE ST,,
20,QUEENS,Unspecified,12/29/2024,1899-12-30 19:00:00,"(40.755936, -73.94033)",Sedan,,0,0,11101,,,,,
21,QUEENS,Driver Inattention/Distraction,12/29/2024,1899-12-30 02:00:00,"(40.74605, -73.92015)",Station Wagon/Sport Utility Vehicle,,0,0,11104,Unspecified,,,,
22,QUEENS,Brakes Defective,12/29/2024,1899-12-30 11:52:00,"(40.73535, -73.783745)",Sedan,Sedan,1,0,11365,Unspecified,,188 ST,,
23,BROOKLYN,Unspecified,12/29/2024,1899-12-30 12:35:00,"(40.611835, -73.996735)",Station Wagon/Sport Utility Vehicle,,0,0,11214,,,,,
24,MANHATTAN,Unspecified,12/29/2024,1899-12-30 17:40:00,"(40.81339, -73.95626)",Station Wagon/Sport Utility Vehicle,Taxi,0,0,10027,,,W 125 ST,,
25,QUEENS,Unsafe Speed,12/29/2024,1899-12-30 12:00:00,"(40.704388, -73.88862)",Station Wagon/Sport Utility Vehicle,Station Wagon/Sport Utility Vehicle,0,0,11385,Unspecified,,70 AVE,,
26,,Driver Inattention/Distraction,12/29/2024,1899-12-30 23:51:00,"(40.71427, -73.974945)",Pick-up Truck,,2,0,,,,,,
27,MANHATTAN,Unsafe Speed,12/29/2024,1899-12-30 02:44:00,"(40.856716, -73.93263)",Sedan,Station Wagon/Sport Utility Vehicle,1,0,10040,Unspecified,Unspecified,FAIRVIEW AVE,Station Wagon/Sport Utility Vehicle,
28,,Pavement Slippery,12/29/2024,1899-12-30 05:12:00,"(40.58489, -73.92885)",Station Wagon/Sport Utility Vehicle,Sedan,1,0,,Unspecified,,,,
29,STATEN ISLAND,Driver Inattention/Distraction,12/29/2024,1899-12-30 02:20:00,"(40.62359, -74.08277)",Station Wagon/Sport Utility Vehicle,,0,0,10304,,,GORDON ST,,
30,BROOKLYN,Driver Inattention/Distraction,12/29/2024,1899-12-30 14:56:00,"(40.6336, -74.021545)",Sedan,Station Wagon/Sport Utility Vehicle,0,0,11220,Unspecified,,,,
31,,Other Vehicular,12/29/2024,1899-12-30 16:35:00,"(40.81423, -73.93444)",Sedan,Pick-up Truck,1,0,,Other Vehicular,,,Sedan,
32,BROOKLYN,Alcohol Involvement,12/29/2024,1899-12-30 05:55:00,,Station Wagon/Sport Utility Vehicle,Station Wagon/Sport Utility Vehicle,0,0,11216,Unspecified,,NOSTRAND AVE,,
33,BROOKLYN,Unspecified,12/29/2024,1899-12-30 11:55:00,"(40.693264, -73.93397)",Station Wagon/Sport Utility Vehicle,,0,0,11221,,,,,
34,BROOKLYN,Unspecified,12/29/2024,1899-12-30 12:00:00,"(40.65672, -73.9095)",Pick-up Truck,,0,0,11212,,,,,
35,QUEENS,Unsafe Speed,12/29/2024,1899-12-30 04:15:00,"(40.74605, -73.92015)",Station Wagon/Sport Utility Vehicle,Sedan,0,0,11104,Unspecified,,,,
36,QUEENS,Unspecified,12/29/2024,1899-12-30 09:00:00,"(40.723885, -73.849144)",Sedan,,0,0,11375,,,QUEENS BLVD,,
37,QUEENS,Unspecified,12/29/2024,1899-12-30 03:38:00,"(40.762566, -73.81859)",Station Wagon/Sport Utility Vehicle,Station Wagon/Sport Utility Vehicle,0,0,11354,Unspecified,Unspecified,ROOSEVELT AVE,Sedan,
38,,Reaction to Uninvolved Vehicle,12/29/2024,1899-12-30 23:54:00,"(40.680855, -74.00305)",Station Wagon/Sport Utility Vehicle,Sedan,0,0,,Following Too Closely,,,Sedan,
39,QUEENS,Failure to Yield Right-of-Way,12/29/2024,1899-12-30 00:07:00,"(40.75437, -73.70739)",Sedan,,0,0,11004,,,,,
40,BROOKLYN,Unspecified,12/29/2024,1899-12-30 14:00:00,"(40.69302, -73.93705)",Station Wagon/Sport Utility Vehicle,,0,0,11221,,,DEKALB AVE,,
41,BROOKLYN,Alcohol Involvement,12/29/2024,1899-12-30 06:02:00,"(40.65745, -73.95656)",Station Wagon/Sport Utility Vehicle,Station Wagon/Sport Utility Vehicle,0,0,11225,Unspecified,,HAWTHORNE ST,,
42,STATEN ISLAND,Driver Inattention/Distraction,12/29/2024,1899-12-30 04:48:00,"(0.0, 0.0)",Sedan,Sedan,0,0,10312,Unspecified,,,,
43,QUEENS,Unspecified,12/29/2024,1899-12-30 10:00:00,"(40.74219, -73.902306)",Station Wagon/Sport Utility Vehicle,,0,0,11377,,,,,
44,MANHATTAN,Unsafe Speed,12/29/2024,1899-12-30 20:40:00,"(40.798615, -73.94374)",Station Wagon/Sport Utility Vehicle,Sedan,5,0,10029,Unspecified,,PARK AVE,,
45,QUEENS,Pavement Slippery,12/29/2024,1899-12-30 02:31:00,"(40.590466, -73.81337)",Station Wagon/Sport Utility Vehicle,Sedan,0,0,11693,Unspecified,,OLD BEACH 88 ST,,
46,MANHATTAN,Driver Inattention/Distraction,12/29/2024,1899-12-30 01:00:00,"(40.80897, -73.948326)",Sedan,Station Wagon/Sport Utility Vehicle,0,0,10027,Unspecified,,ADAM CLAYTON POWELL JR BLVD,,
47,BROOKLYN,Other Vehicular,12/29/2024,1899-12-30 15:34:00,"(40.626717, -73.9412)",Moped,Station Wagon/Sport Utility Vehicle,1,0,11210,Other Vehicular,,BROOKLYN AVE,,
48,,Backing Unsafely,12/29/2024,1899-12-30 18:10:00,,Sedan,Station Wagon/Sport Utility Vehicle,0,0,,Unspecified,,boston rd,,
49,BROOKLYN,Unspecified,12/29/2024,1899-12-30 04:30:00,"(40.679222, -73.89985)",Sedan,,0,0,11207,,,BUSHWICK AVE,,
50,,Traffic Control Disregarded,12/29/2024,1899-12-30 10:40:00,"(40.587894, -74.15318)",Sedan,Station Wagon/Sport Utility Vehicle,0,0,,Unspecified,,KELLY BLVD,Station Wagon/Sport Utility Vehicle,
51,BROOKLYN,Failure to Yield Right-of-Way,12/29/2024,1899-12-30 21:10:00,"(40.696033, -73.98453)",Station Wagon/Sport Utility Vehicle,Station Wagon/Sport Utility Vehicle,1,0,11201,Unspecified,,TILLARY ST,,
52,,Pavement Slippery,12/29/2024,1899-12-30 04:20:00,"(40.691074, -73.88733)",Sedan,,0,0,,,,,,
53,,Unsafe Speed,12/29/2024,1899-12-30 08:15:00,"(40.668003, -73.76345)",Sedan,Sedan,0,0,,Unspecified,,144 AVE,,
54,,Unsafe Speed,12/29/2024,1899-12-30 23:50:00,"(40.722095, -73.77772)",Station Wagon/Sport Utility Vehicle,,0,0,,,,,,
55,,Unspecified,12/29/2024,1899-12-30 18:30:00,"(40.845882, -73.930435)",Sedan,Sedan,1,0,,Unspecified,,,,
56,QUEENS,Traffic Control Disregarded,12/29/2024,1899-12-30 03:12:00,"(40.711678, -73.775375)",Station Wagon/Sport Utility Vehicle,Sedan,3,0,11423,Unspecified,,185 ST,Sedan,
57,,Unsafe Speed,12/29/2024,1899-12-30 21:38:00,"(40.785492, -73.984116)",Station Wagon/Sport Utility Vehicle,Sedan,2,0,,Unspecified,,,,
58,BROOKLYN,Unspecified,12/29/2024,1899-12-30 13:30:00,"(40.669277, -73.92255)",Sedan,,0,0,11233,,,LINCOLN PL,,
59,BROOKLYN,Passing or Lane Usage Improper,12/29/2024,1899-12-30 06:40:00,"(40.57698, -73.98157)",Sedan,Sedan,1,0,11224,Unspecified,,MERMAID AVE,,
60,,Other Vehicular,12/29/2024,1899-12-30 11:05:00,"(40.666435, -73.83478)",Station Wagon/Sport Utility Vehicle,Sedan,0,0,,,,,,
61,,Unspecified,12/29/2024,1899-12-30 22:15:00,"(40.771347, -73.83339)",Sedan,Sedan,0,0,,Unspecified,,I 678,,
62,BRONX,Unspecified,12/29/2024,1899-12-30 16:08:00,"(40.822037, -73.91182)",Bike,Sedan,0,0,10451,,,E 159 ST,,
63,MANHATTAN,Driver Inattention/Distraction,12/29/2024,1899-12-30 00:22:00,"(40.763115, -73.96252)",Station Wagon/Sport Utility Vehicle,Sedan,1,0,10065,Unspecified,,2 AVE,,
64,BROOKLYN,Unspecified,12/29/2024,1899-12-30 07:04:00,"(40.652645, -73.94977)",Station Wagon/Sport Utility Vehicle,Bike,0,0,11226,Unspecified,,NOSTRAND AVE,,
65,BROOKLYN,Unspecified,12/29/2024,1899-12-30 23:00:00,"(40.647152, -73.91621)",Sedan,Sedan,0,0,11236,Unspecified,,E 88 ST,,
66,BROOKLYN,Driver Inattention/Distraction,12/29/2024,1899-12-30 19:11:00,"(40.678116, -73.90786)",Station Wagon/Sport Utility Vehicle,Bike,0,0,11233,Unspecified,,EASTERN PKWY,,
67,,Driver Inattention/Distraction,12/29/2024,1899-12-30 17:30:00,"(40.785824, -73.80713)",Station Wagon/Sport Utility Vehicle,Station Wagon/Sport Utility Vehicle,0,0,,Unspecified,,FRANCIS LEWIS BOULEVARD,,
68,,Driver Inattention/Distraction,12/29/2024,1899-12-30 12:30:00,"(40.679276, -73.929054)",Bike,Sedan,0,0,,Unspecified,,FULTON ST,,
69,BROOKLYN,Driver Inattention/Distraction,12/29/2024,1899-12-30 14:27:00,"(40.686203, -73.95074)",Sedan,Station Wagon/Sport Utility Vehicle,0,0,11216,Unspecified,,NOSTRAND AVE,,
70,MANHATTAN,Driver Inattention/Distraction,12/29/2024,1899-12-30 19:22:00,"(40.806915, -73.93556)",Sedan,,0,0,10035,Unspecified,,LEXINGTON AVE,,
71,QUEENS,Unspecified,12/29/2024,1899-12-30 09:30:00,"(40.687016, -73.774864)",Sedan,,0,0,11434,,,MERRICK BLVD,,
72,,Driver Inattention/Distraction,12/29/2024,1899-12-30 00:11:00,"(40.738503, -73.973526)",Station Wagon/Sport Utility Vehicle,,0,0,,,,,,
73,BROOKLYN,Unspecified,12/29/2024,1899-12-30 13:30:00,"(40.655273, -74.01049)",Sedan,,0,0,11232,,,2 AVE,,
74,,Unspecified,12/29/2024,1899-12-30 04:11:00,"(40.719864, -73.94486)",Sedan,Sedan,1,0,,Unspecified,,,,
75,BRONX,Unspecified,12/29/2024,1899-12-30 14:30:00,"(40.86275, -73.90493)",Sedan,Sedan,0,0,10468,Unspecified,,UNIVERSITY AVE,,
76,BROOKLYN,Unspecified,12/29/2024,1899-12-30 19:35:00,"(40.615128, -73.92885)",Station Wagon/Sport Utility Vehicle,,0,0,11234,,,,,
77,QUEENS,Traffic Control Disregarded,12/29/2024,1899-12-30 16:30:00,"(40.655426, -73.84188)",Sedan,Sedan,1,0,11414,Unspecified,,161 AVE,,
78,BROOKLYN,Failure to Yield Right-of-Way,12/29/2024,1899-12-30 17:55:00,"(40.59275, -73.95015)",Station Wagon/Sport Utility Vehicle,,0,0,11235,,,OCEAN AVE,,
79,BRONX,Turning Improperly,12/29/2024,1899-12-30 09:44:00,"(40.822823, -73.89196)",Station Wagon/Sport Utility Vehicle,Moped,1,0,10459,Unspecified,,,,
80,QUEENS,Unspecified,12/29/2024,1899-12-30 14:20:00,"(40.759804, -73.76733)",Station Wagon/Sport Utility Vehicle,,0,0,11361,,,45 RD,,
81,,Unspecified,12/29/2024,1899-12-30 18:59:00,"(40.75108, -73.74915)",Sedan,,0,0,,,,,,
82,QUEENS,Other Vehicular,12/29/2024,1899-12-30 08:07:00,"(40.6807, -73.84464)",Pick-up Truck,Sedan,0,0,11417,Traffic Control Disregarded,,ROCKAWAY BLVD,,
83,BROOKLYN,Failure to Yield Right-of-Way,12/29/2024,1899-12-30 06:58:00,"(40.602467, -73.96637)",Station Wagon/Sport Utility Vehicle,Bike,0,0,11223,Unspecified,,OCEAN PKWY,,
84,BROOKLYN,Passing Too Closely,12/29/2024,1899-12-30 23:15:00,"(40.71791, -73.950134)",Sedan,,0,0,11211,Unspecified,,,,
85,BROOKLYN,Unspecified,12/29/2024,1899-12-30 21:00:00,"(40.660034, -73.90439)",Sedan,,1,0,11212,Unspecified,,NEWPORT ST,,
86,BRONX,Unspecified,12/29/2024,1899-12-30 15:25:00,"(40.856388, -73.901764)",Station Wagon/Sport Utility Vehicle,,1,0,10453,,,E 182 ST,,
87,BRONX,Unspecified,12/29/2024,1899-12-30 12:30:00,"(40.843643, -73.91303)",Station Wagon/Sport Utility Vehicle,,0,0,10452,,,E MOUNT EDEN AVE,,
88,STATEN ISLAND,Failure to Yield Right-of-Way,12/29/2024,1899-12-30 07:06:00,"(40.599503, -74.06711)",Station Wagon/Sport Utility Vehicle,Station Wagon/Sport Utility Vehicle,0,0,10305,Unspecified,,MAJOR AVE,,
89,QUEENS,Unspecified,12/29/2024,1899-12-30 09:22:00,"(40.667473, -73.79387)",fire truck,Sedan,0,0,11436,Unspecified,,135 AVE,,
90,QUEENS,Unspecified,12/29/2024,1899-12-30 03:34:00,"(40.666843, -73.789406)",Sedan,PK,2,0,11434,Unspecified,,N CONDUIT AVE,,
91,,Unsafe Lane Changing,12/29/2024,1899-12-30 20:00:00,"(40.604153, -74.05198)",Sedan,Pick-up Truck,0,0,,,,,,
92,MANHATTAN,Traffic Control Disregarded,12/29/2024,1899-12-30 14:33:00,"(40.716015, -74.00883)",Station Wagon/Sport Utility Vehicle,Station Wagon/Sport Utility Vehicle,0,0,10013,Unspecified,,READE ST,,
93,BRONX,Driver Inattention/Distraction,12/29/2024,1899-12-30 03:10:00,"(40.850224, -73.88256)",Station Wagon/Sport Utility Vehicle,Van,0,0,10460,Unspecified,,GROTE ST,,
94,BRONX,Unspecified,12/29/2024,1899-12-30 17:20:00,"(40.820545, -73.93078)",Sedan,,0,0,10451,,,EXTERIOR ST,,
95,BROOKLYN,Other Vehicular,12/29/2024,1899-12-30 07:45:00,"(40.66393, -73.890076)",Sedan,Station Wagon/Sport Utility Vehicle,0,0,11207,Unspecified,,,,
96,QUEENS,Unsafe Speed,12/29/2024,1899-12-30 06:00:00,"(40.714912, -73.729675)",Sedan,Sedan,1,0,11429,Unspecified,,CROSS ISLAND PKWY,,
97,BRONX,Passing or Lane Usage Improper,12/29/2024,1899-12-30 12:35:00,"(40.816067, -73.91764)",Station Wagon/Sport Utility Vehicle,E-Bike,0,0,10455,Unspecified,,3 AVE,,
98,,Unspecified,12/29/2024,1899-12-30 05:50:00,"(40.55993, -74.20034)",Sedan,,0,0,,,,,,
99,BROOKLYN,Unspecified,12/29/2024,1899-12-30 05:18:00,"(40.672516, -73.9079)",Station Wagon/Sport Utility Vehicle,Sedan,0,0,11212,Unspecified,,,,
100,QUEENS,Passing Too Closely,12/29/2024,1899-12-30 12:39:00,"(40.577934, -73.84523)",Sedan,Station Wagon/Sport Utility Vehicle,0,0,11694,Unspecified,,,Sedan,
101,,Reaction to Uninvolved Vehicle,12/29/2024,1899-12-30 08:35:00,"(40.585133, -73.954544)",Station Wagon/Sport Utility Vehicle,Station Wagon/Sport Utility Vehicle,0,0,,Unspecified,,,,
102,BROOKLYN,Backing Unsafely,12/29/2024,1899-12-30 15:24:00,"(40.60249, -74.007866)",Sedan,,0,0,11214,Unspecified,,,,
103,MANHATTAN,Unsafe Speed,12/29/2024,1899-12-30 08:03:00,"(40.781536, -73.983444)",Sedan,,0,0,10023,,,,,
104,BROOKLYN,Unsafe Speed,12/29/2024,1899-12-30 13:14:00,"(40.586376, -73.94789)",Station Wagon/Sport Utility Vehicle,Station Wagon/Sport Utility Vehicle,0,0,11235,Unspecified,,VOORHIES AVE,,
105,MANHATTAN,Passenger Distraction,12/29/2024,1899-12-30 19:45:00,"(40.758625, -73.97485)",Station Wagon/Sport Utility Vehicle,Bike,0,0,10022,Unspecified,,,,
106,QUEENS,Unsafe Speed,12/29/2024,1899-12-30 22:00:00,,Taxi,Sedan,1,0,11355,Unspecified,,FOWLER PATH,Sedan,
107,BRONX,Passing Too Closely,12/29/2024,1899-12-30 06:28:00,"(40.85642, -73.889206)",Pick-up Truck,,0,0,10458,Unspecified,,LORILLARD PL,,
108,MANHATTAN,Unspecified,12/29/2024,1899-12-30 07:00:00,"(40.816376, -73.94836)",Sedan,Sedan,1,0,10030,Unspecified,,ST NICHOLAS AVE,,
109,STATEN ISLAND,Backing Unsafely,12/29/2024,1899-12-30 08:09:00,"(40.62253, -74.13065)",Sedan,Station Wagon/Sport Utility Vehicle,0,0,10314,Unspecified,,,,
110,,Driver Inattention/Distraction,12/29/2024,1899-12-30 02:15:00,,Station Wagon/Sport Utility Vehicle,Sedan,1,0,,Unspecified,,,Tow Truck / Wrecker,
111,BROOKLYN,Backing Unsafely,12/29/2024,1899-12-30 15:27:00,"(40.703953, -73.93104)",,,0,0,11237,,,,,
112,MANHATTAN,Driver Inattention/Distraction,12/29/2024,1899-12-30 20:52:00,"(40.719204, -73.990364)",Taxi,,0,0,10002,,,ALLEN ST,,
113,BRONX,Aggressive Driving/Road Rage,12/29/2024,1899-12-30 23:05:00,"(40.887386, -73.853935)",Sedan,Sedan,1,0,10466,Unspecified,,BRONXWOOD AVE,,
114,,Driver Inattention/Distraction,12/29/2024,1899-12-30 00:36:00,"(40.727776, -73.92902)",Sedan,Sedan,0,0,,Unspecified,,,,
115,QUEENS,Reaction to Uninvolved Vehicle,12/29/2024,1899-12-30 17:40:00,"(40.655834, -73.83904)",Sedan,Sedan,0,0,11414,Unspecified,,161 AVE,,
116,QUEENS,Driver Inattention/Distraction,12/29/2024,1899-12-30 17:16:00,"(40.743702, -73.92334)",Sedan,Station Wagon/Sport Utility Vehicle,0,0,11104,Driver Inattention/Distraction,,QUEENS BLVD,,
117,BRONX,View Obstructed/Limited,12/29/2024,1899-12-30 10:05:00,"(40.80673, -73.87168)",Tractor Truck Diesel,,0,0,10474,,,,,
118,QUEENS,Turning Improperly,12/29/2024,1899-12-30 15:59:00,"(40.590137, -73.81345)",Station Wagon/Sport Utility Vehicle,Sedan,1,0,11693,Unspecified,Unspecified,,Sedan,
119,QUEENS,Pavement Slippery,12/29/2024,1899-12-30 04:30:00,"(40.756474, -73.947266)",Sedan,,1,0,11101,,,41 AVE,,
120,QUEENS,Driver Inexperience,12/29/2024,1899-12-30 10:36:00,"(40.696686, -73.807655)",Sedan,,0,0,11435,,,,,
121,,Following Too Closely,12/29/2024,1899-12-30 19:51:00,"(40.604153, -74.05198)",Station Wagon/Sport Utility Vehicle,Sedan,2,0,,Unspecified,,,,
122,MANHATTAN,Passing Too Closely,12/29/2024,1899-12-30 10:50:00,"(40.73506, -73.988976)",Sedan,Box Truck,0,0,10003,Unspecified,,,,
123,BROOKLYN,Unspecified,12/29/2024,1899-12-30 18:20:00,"(40.651543, -73.92096)",Sedan,Sedan,0,0,11236,Unspecified,Unspecified,,Sedan,
124,BROOKLYN,Driver Inattention/Distraction,12/29/2024,1899-12-30 19:40:00,"(40.625046, -74.02445)",Station Wagon/Sport Utility Vehicle,Bike,0,0,11209,Driver Inattention/Distraction,,5 AVE,,
125,STATEN ISLAND,Driver Inattention/Distraction,12/29/2024,1899-12-30 08:29:00,"(40.562675, -74.114296)",Sedan,Pick-up Truck,3,0,10306,Unsafe Speed,,FALCON AVE,,
126,,Driver Inattention/Distraction,12/29/2024,1899-12-30 22:00:00,"(40.70313, -73.816795)",Station Wagon/Sport Utility Vehicle,Refrigerated Van,3,0,,Unspecified,,,,
127,QUEENS,Unspecified,12/29/2024,1899-12-30 01:30:00,"(40.694695, -73.90251)",Station Wagon/Sport Utility Vehicle,,0,0,11385,,,SUMMERFIELD ST,,
128,BROOKLYN,Backing Unsafely,12/29/2024,1899-12-30 21:14:00,"(40.67729, -73.973724)",Sedan,Sedan,0,0,11217,Unspecified,,,,
129,BRONX,Reaction to Uninvolved Vehicle,12/29/2024,1899-12-30 16:48:00,"(40.866962, -73.82495)",Sedan,Van,0,0,10475,Reaction to Uninvolved Vehicle,,,,
130,BRONX,Passing Too Closely,12/29/2024,1899-12-30 21:06:00,"(40.846252, -73.88864)",Box Truck,Station Wagon/Sport Utility Vehicle,0,0,10457,Unspecified,,,,
131,BROOKLYN,Unspecified,12/29/2024,1899-12-30 01:36:00,"(40.676693, -73.9174)",Sedan,,1,0,11233,,,LOUIS PL,,
132,MANHATTAN,Driver Inattention/Distraction,12/29/2024,1899-12-30 22:26:00,"(40.750946, -73.99159)",Sedan,Sedan,3,0,10119,Unspecified,,,,
133,,Failure to Yield Right-of-Way,12/29/2024,1899-12-30 04:45:00,"(40.758114, -73.83424)",Station Wagon/Sport Utility Vehicle,Station Wagon/Sport Utility Vehicle,1,0,,Failure to Yield Right-of-Way,,ROOSEVELT AVE,,
134,BROOKLYN,Pedestrian/Bicyclist/Other Pedestrian Error/Confusion,12/29/2024,1899-12-30 02:22:00,"(40.63937, -73.91129)",Sedan,Motorcycle,1,0,11236,Headlights Defective,,GLENWOOD RD,,
135,MANHATTAN,Unspecified,12/29/2024,1899-12-30 12:29:00,"(40.74759, -73.989174)",Sedan,AMSGC,0,0,10001,Unspecified,,,,
136,QUEENS,Unspecified,12/29/2024,1899-12-30 12:30:00,"(40.76759, -73.78342)",Sedan,,0,0,11361,Unspecified,,,,
137,,Unsafe Speed,12/29/2024,1899-12-30 07:13:00,"(40.830265, -73.95131)",Station Wagon/Sport Utility Vehicle,Sedan,1,0,,Unsafe Lane Changing,,,,
138,,Reaction to Uninvolved Vehicle,12/29/2024,1899-12-30 14:00:00,"(40.732822, -73.8684)",Station Wagon/Sport Utility Vehicle,Sedan,2,0,,Other Vehicular,,,,
139,QUEENS,Alcohol Involvement,12/29/2024,1899-12-30 17:28:00,"(40.68841, -73.84793)",Station Wagon/Sport Utility Vehicle,Station Wagon/Sport Utility Vehicle,0,0,11421,Unspecified,,95 ST,,
140,BROOKLYN,Failure to Yield Right-of-Way,12/29/2024,1899-12-30 19:00:00,"(40.666428, -73.936905)",Sedan,,0,0,11213,,,CARROLL ST,,
141,MANHATTAN,Traffic Control Disregarded,12/29/2024,1899-12-30 12:14:00,"(40.786175, -73.945694)",Station Wagon/Sport Utility Vehicle,Bike,0,0,10029,Unspecified,,2 AVE,,
142,BROOKLYN,Driver Inattention/Distraction,12/29/2024,1899-12-30 18:47:00,"(40.61183, -74.001076)",Sedan,Station Wagon/Sport Utility Vehicle,0,0,11214,Unspecified,,80 ST,Sedan,
143,,Driver Inattention/Distraction,12/29/2024,1899-12-30 08:00:00,"(40.594616, -73.99743)",Sedan,Pick-up Truck,0,0,,Unspecified,,,Sedan,
144,,Unsafe Lane Changing,12/29/2024,1899-12-30 21:30:00,"(40.72545, -73.837776)",Sedan,Sedan,0,0,,Unspecified,,,,
145,BROOKLYN,Failure to Yield Right-of-Way,12/29/2024,1899-12-30 17:22:00,"(40.628685, -74.01214)",,,0,0,11219,,,BAY RIDGE AVE,,
146,,Unsafe Lane Changing,12/29/2024,1899-12-30 05:57:00,"(40.76874, -73.90881)",Station Wagon/Sport Utility Vehicle,Station Wagon/Sport Utility Vehicle,0,0,,Unspecified,,,,
147,QUEENS,Passing Too Closely,12/29/2024,1899-12-30 17:48:00,"(40.72691, -73.806915)",Station Wagon/Sport Utility Vehicle,Station Wagon/Sport Utility Vehicle,0,0,11366,Unspecified,,162 ST,,
148,,Unspecified,12/29/2024,1899-12-30 22:30:00,,Station Wagon/Sport Utility Vehicle,,0,0,,,,,,
149,QUEENS,Illnes,12/29/2024,1899-12-30 14:20:00,"(40.698494, -73.76049)",Sedan,Station Wagon/Sport Utility Vehicle,1,0,11412,Unspecified,Unspecified,194 ST,Sedan,
150,BROOKLYN,Driver Inattention/Distraction,12/29/2024,1899-12-30 05:25:00,"(40.677048, -73.92379)",Sedan,,0,0,11233,,,KANE PL,,
151,BRONX,Backing Unsafely,12/29/2024,1899-12-30 14:10:00,"(40.816143, -73.91595)",Bus,Sedan,0,0,10455,Unspecified,,,,
152,MANHATTAN,Alcohol Involvement,12/29/2024,1899-12-30 02:57:00,"(40.717724, -73.98576)",Sedan,Sedan,0,0,10002,Unspecified,,CLINTON ST,,
153,QUEENS,View Obstructed/Limited,12/29/2024,1899-12-30 22:12:00,"(0.0, 0.0)",Station Wagon/Sport Utility Vehicle,,1,0,11426,,,,,
154,BROOKLYN,Alcohol Involvement,12/29/2024,1899-12-30 03:07:00,"(40.64403, -73.93942)",Sedan,Station Wagon/Sport Utility Vehicle,1,0,11203,Unspecified,,,Sedan,
155,,Unspecified,12/29/2024,1899-12-30 14:43:00,"(40.744526, -73.77161)",Sedan,Sedan,2,0,,Unspecified,,,Sedan,
156,QUEENS,Driver Inexperience,12/29/2024,1899-12-30 06:25:00,"(40.750004, -73.89923)",Station Wagon/Sport Utility Vehicle,Station Wagon/Sport Utility Vehicle,0,0,11377,Unspecified,,63 ST,,
157,QUEENS,Passing Too Closely,12/29/2024,1899-12-30 02:13:00,"(40.727383, -73.8641)",Sedan,Sedan,0,0,11374,Unspecified,,AUSTIN ST,Sedan,
158,,Failure to Yield Right-of-Way,12/29/2024,1899-12-30 22:36:00,"(40.837406, -73.860535)",Sedan,,0,0,,,,PARKCHESTER RD,,
159,BROOKLYN,Unspecified,12/29/2024,1899-12-30 12:30:00,"(40.69014, -73.934975)",Sedan,,0,0,11221,,,,,
160,QUEENS,Unspecified,12/29/2024,1899-12-30 15:40:00,"(40.75855, -73.892525)",Sedan,Sedan,1,0,11370,Unspecified,,31 AVE,Moped,
161,QUEENS,Unspecified,12/29/2024,1899-12-30 06:00:00,"(40.716465, -73.763794)",Sedan,Sedan,0,0,11423,Unspecified,Unspecified,,Sedan,
162,QUEENS,Following Too Closely,12/28/2024,1899-12-30 18:48:00,"(40.753376, -73.93125)",Sedan,,0,0,11101,Unspecified,,38 AVE,,
163,BRONX,Unspecified,12/28/2024,1899-12-30 10:15:00,"(40.828026, -73.84992)",Sedan,,0,0,10472,,,,,
164,,Pavement Slippery,12/28/2024,1899-12-30 15:00:00,"(40.627453, -74.13789)",Sedan,Sedan,1,0,,Unspecified,,BARRETT AVE,,
165,QUEENS,Unspecified,12/28/2024,1899-12-30 17:40:00,"(40.74356, -73.70767)",Sedan,Station Wagon/Sport Utility Vehicle,2,0,11004,Unspecified,,263 ST,,
166,QUEENS,Unspecified,12/28/2024,1899-12-30 17:00:00,"(40.700275, -73.81148)",Station Wagon/Sport Utility Vehicle,,0,0,11435,,,,,
167,BROOKLYN,Driver Inattention/Distraction,12/28/2024,1899-12-30 22:40:00,"(40.632393, -73.99529)",Station Wagon/Sport Utility Vehicle,,0,0,11219,,,NEW UTRECHT AVE,,
168,BROOKLYN,Driver Inattention/Distraction,12/28/2024,1899-12-30 13:08:00,"(40.604164, -73.99847)",Pick-up Truck,Sedan,0,0,11214,Unspecified,,,,
169,QUEENS,Driver Inattention/Distraction,12/28/2024,1899-12-30 07:45:00,"(40.742523, -73.949234)",Sedan,Sedan,0,0,11101,Unspecified,Unspecified,49 AVE,Sedan,
170,BROOKLYN,Driver Inexperience,12/28/2024,1899-12-30 11:34:00,"(40.692356, -73.91106)",Sedan,,0,0,11221,Unspecified,,HANCOCK ST,,
171,BROOKLYN,Driver Inattention/Distraction,12/28/2024,1899-12-30 06:36:00,"(40.6691, -73.93665)",Sedan,Station Wagon/Sport Utility Vehicle,0,0,11213,Unspecified,,TROY AVE,,
172,QUEENS,Driver Inattention/Distraction,12/28/2024,1899-12-30 20:30:00,"(40.707478, -73.75243)",Station Wagon/Sport Utility Vehicle,Station Wagon/Sport Utility Vehicle,0,0,11412,Unspecified,,,,
173,BROOKLYN,Alcohol Involvement,12/28/2024,1899-12-30 17:05:00,"(40.60547, -73.997574)",Sedan,Station Wagon/Sport Utility Vehicle,0,0,11214,Unspecified,,,,
174,BROOKLYN,Other Vehicular,12/28/2024,1899-12-30 15:47:00,"(40.621426, -73.92404)",Station Wagon/Sport Utility Vehicle,Sedan,0,0,11234,Driverless/Runaway Vehicle,,,,
175,BROOKLYN,Failure to Yield Right-of-Way,12/28/2024,1899-12-30 17:00:00,"(40.596745, -73.98527)",Sedan,,0,0,11214,,,86 ST,,
176,BRONX,Backing Unsafely,12/28/2024,1899-12-30 20:37:00,"(40.864754, -73.88889)",Station Wagon/Sport Utility Vehicle,Sedan,0,0,10458,Unspecified,,DECATUR AVE,,
177,BROOKLYN,Unspecified,12/28/2024,1899-12-30 13:00:00,"(40.693375, -73.957924)",Sedan,Sedan,0,0,11205,Unspecified,,,,
178,STATEN ISLAND,Backing Unsafely,12/28/2024,1899-12-30 09:45:00,"(0.0, 0.0)",Sedan,Station Wagon/Sport Utility Vehicle,0,0,10309,Unspecified,,,,
179,QUEENS,Unspecified,12/28/2024,1899-12-30 07:04:00,"(40.678852, -73.787384)",Station Wagon/Sport Utility Vehicle,,0,0,11434,,,,,
180,QUEENS,Failure to Yield Right-of-Way,12/28/2024,1899-12-30 19:35:00,"(40.75672, -73.914215)",Sedan,,0,0,11103,,,BROADWAY,,
181,BROOKLYN,Driver Inattention/Distraction,12/28/2024,1899-12-30 18:30:00,"(40.69131, -73.91325)",Station Wagon/Sport Utility Vehicle,,0,0,11221,Unspecified,,JEFFERSON AVE,,
182,,Unspecified,12/28/2024,1899-12-30 08:38:00,"(40.827732, -73.84374)",Sedan,,0,0,,,,ZEREGA AVENUE,,
183,BROOKLYN,Driver Inattention/Distraction,12/27/2024,1899-12-30 21:05:00,"(40.584915, -73.96287)",Sedan,,3,0,11235,Unspecified,,,,
184,BROOKLYN,Reaction to Uninvolved Vehicle,12/27/2024,1899-12-30 09:50:00,"(40.606358, -74.003815)",Station Wagon/Sport Utility Vehicle,Box Truck,1,0,11214,Reaction to Uninvolved Vehicle,,,,
185,BROOKLYN,Unspecified,12/27/2024,1899-12-30 06:50:00,"(40.68984, -73.97862)",Carry All,Pick-up Truck,0,0,11201,Unspecified,,ASHLAND PL,,
186,MANHATTAN,Unspecified,12/27/2024,1899-12-30 19:30:00,"(40.75587, -73.972824)",Sedan,Box Truck,0,0,10017,Unspecified,,LEXINGTON AVE,,
187,,Following Too Closely,12/27/2024,1899-12-30 11:22:00,"(40.8065, -73.90803)",Station Wagon/Sport Utility Vehicle,Station Wagon/Sport Utility Vehicle,0,0,,Unspecified,,,,
188,BROOKLYN,Unspecified,12/27/2024,1899-12-30 13:00:00,"(0.0, 0.0)",,,0,0,11214,,,,,
189,BRONX,Unspecified,12/27/2024,1899-12-30 18:16:00,"(40.862156, -73.910866)",Sedan,Sedan,0,0,10468,Unspecified,,,,
190,BROOKLYN,Unspecified,12/27/2024,1899-12-30 15:30:00,"(40.62051, -73.99247)",Sedan,Sedan,0,0,11204,Unspecified,,17 AVE,,
191,MANHATTAN,Driver Inattention/Distraction,12/27/2024,1899-12-30 15:54:00,"(40.86177, -73.91847)",Sedan,Carry All,1,0,10034,Unspecified,,9 AVE,,
192,QUEENS,,12/27/2024,1899-12-30 21:00:00,"(40.74738, -73.91388)",E-Scooter,,0,0,11377,,,,,
193,QUEENS,Unspecified,12/27/2024,1899-12-30 17:00:00,"(40.725773, -73.87647)",Sedan,,0,0,11379,,,,,
194,STATEN ISLAND,Driver Inattention/Distraction,12/27/2024,1899-12-30 19:25:00,"(40.5415, -74.16253)",Station Wagon/Sport Utility Vehicle,E-Scooter,0,0,10312,Unspecified,,RICHMOND AVE,,
195,BROOKLYN,Unspecified,12/27/2024,1899-12-30 09:00:00,"(40.657246, -73.89012)",Station Wagon/Sport Utility Vehicle,,0,0,11207,,,,,
196,MANHATTAN,Turning Improperly,12/27/2024,1899-12-30 10:00:00,"(40.86676, -73.92061)",Box Truck,Taxi,1,0,10034,Unspecified,,VERMILYEA AVE,,
197,QUEENS,Passing Too Closely,12/27/2024,1899-12-30 09:37:00,"(40.73247, -73.86164)",Sedan,Moped,1,0,11374,Unspecified,,97 ST,,
198,BROOKLYN,Passing Too Closely,12/27/2024,1899-12-30 14:00:00,"(40.625416, -73.93162)",Sedan,Station Wagon/Sport Utility Vehicle,0,0,11234,Unspecified,,,,
199,QUEENS,Driver Inattention/Distraction,12/27/2024,1899-12-30 19:00:00,"(40.758453, -73.89347)",Sedan,,0,0,11370,,,74 ST,,
200,BRONX,Backing Unsafely,12/27/2024,1899-12-30 19:49:00,"(40.820503, -73.88809)",Pick-up Truck,Pick-up Truck,0,0,10474,Unspecified,,GARRISON AVE,,
201,BROOKLYN,Unsafe Speed,12/27/2024,1899-12-30 22:30:00,"(40.685635, -73.92959)",Sedan,,0,0,11221,Unspecified,,MALCOLM X BLVD,,
202,BROOKLYN,Backing Unsafely,12/27/2024,1899-12-30 09:00:00,"(40.6647, -73.87148)",Station Wagon/Sport Utility Vehicle,Box Truck,0,0,11208,Unspecified,,STANLEY AVE,,
203,STATEN ISLAND,Unspecified,12/26/2024,1899-12-30 14:00:00,"(40.585922, -74.105255)",Station Wagon/Sport Utility Vehicle,Sedan,2,0,10306,Unspecified,,JEFFERSON AVE,Station Wagon/Sport Utility Vehicle,
204,BROOKLYN,Failure to Keep Right,12/26/2024,1899-12-30 18:06:00,"(40.606148, -73.99795)",Sedan,Station Wagon/Sport Utility Vehicle,0,0,11214,Unspecified,,,Station Wagon/Sport Utility Vehicle,
205,BROOKLYN,Unspecified,12/26/2024,1899-12-30 20:30:00,"(40.639614, -73.932014)",Sedan,,0,0,11203,Unspecified,,FOSTER AVE,,
206,BROOKLYN,Driver Inexperience,12/26/2024,1899-12-30 16:10:00,"(40.66464, -73.93918)",Motorcycle,Station Wagon/Sport Utility Vehicle,0,0,11213,Unspecified,,,,
207,QUEENS,Unspecified,12/26/2024,1899-12-30 16:40:00,"(40.598606, -73.76459)",Sedan,,0,0,11691,,,,,
208,BROOKLYN,Unspecified,12/26/2024,1899-12-30 08:00:00,"(40.698772, -73.92233)",Station Wagon/Sport Utility Vehicle,,0,0,11221,,,STANHOPE ST,,
209,BROOKLYN,Driver Inattention/Distraction,12/26/2024,1899-12-30 21:17:00,"(40.61188, -73.99381)",Station Wagon/Sport Utility Vehicle,Bus,1,0,11204,Unspecified,,,,
210,,Driver Inattention/Distraction,12/26/2024,1899-12-30 23:45:00,"(40.71702, -73.830505)",Sedan,,1,0,,Unspecified,,,,
211,MANHATTAN,Steering Failure,12/26/2024,1899-12-30 12:25:00,"(40.856075, -73.9304)",Box Truck,Station Wagon/Sport Utility Vehicle,1,0,10040,Unspecified,Unspecified,W 191 ST,Sedan,
212,QUEENS,Backing Unsafely,12/26/2024,1899-12-30 08:44:00,"(0.0, 0.0)",Station Wagon/Sport Utility Vehicle,Sedan,0,0,11432,Unspecified,,,,
213,BROOKLYN,Other Vehicular,12/26/2024,1899-12-30 18:25:00,"(40.6526, -73.910255)",Sedan,Sedan,1,0,11236,Reaction to Uninvolved Vehicle,,,Box Truck,
214,BROOKLYN,Driver Inattention/Distraction,12/26/2024,1899-12-30 11:23:00,"(40.60144, -74.00154)",Sedan,,0,0,11214,,,BATH AVE,,
215,,Unsafe Speed,12/26/2024,1899-12-30 05:12:00,"(40.6314, -74.016136)",Sedan,,1,0,,,,,,
216,,Pavement Slippery,12/26/2024,1899-12-30 02:45:00,"(40.81232, -73.96571)",Sedan,,0,0,,,,,,
217,BROOKLYN,Driver Inattention/Distraction,12/25/2024,1899-12-30 10:30:00,"(40.619133, -73.99018)",Sedan,Station Wagon/Sport Utility Vehicle,1,0,11204,Unspecified,,18 AVE,,
218,QUEENS,Unspecified,12/25/2024,1899-12-30 17:50:00,"(40.759895, -73.82394)",Station Wagon/Sport Utility Vehicle,E-Bike,0,0,11355,Unspecified,,41 AVE,,
219,BROOKLYN,Unspecified,12/25/2024,1899-12-30 11:30:00,"(40.63971, -74.01064)",Sedan,Sedan,0,0,11220,Unspecified,,,,
220,BROOKLYN,Failure to Yield Right-of-Way,12/25/2024,1899-12-30 19:12:00,"(40.646885, -73.94915)",Sedan,,0,0,11226,,,TILDEN AVE,,
221,MANHATTAN,Unspecified,12/25/2024,1899-12-30 23:00:00,"(40.856075, -73.9304)",Pick-up Truck,Sedan,0,0,10040,Unspecified,,W 191 ST,,
222,,Unspecified,12/25/2024,1899-12-30 01:05:00,"(40.595177, -73.99801)",Sedan,,0,0,,,,,,
223,QUEENS,Unspecified,12/25/2024,1899-12-30 04:30:00,"(40.725853, -73.72542)",Sedan,,2,0,11426,,,BRADDOCK AVENUE,,
224,QUEENS,Unspecified,12/25/2024,1899-12-30 14:00:00,"(40.68538, -73.77967)",Sedan,,0,0,11434,,,FOCH BLVD,,
225,BROOKLYN,Unspecified,12/25/2024,1899-12-30 22:48:00,"(40.67338, -73.953094)",Sedan,,0,0,11216,,,,,
226,BRONX,Turning Improperly,12/24/2024,1899-12-30 12:21:00,"(40.875572, -73.87881)",Sedan,Box Truck,0,0,10467,Unspecified,,,,
227,BRONX,Traffic Control Disregarded,12/24/2024,1899-12-30 23:15:00,"(40.808163, -73.92652)",Sedan,Taxi,1,0,10454,Unspecified,,ALEXANDER AVE,,
228,BROOKLYN,Backing Unsafely,12/24/2024,1899-12-30 01:33:00,"(40.611095, -73.99358)",Sedan,Sedan,1,0,11214,Driver Inattention/Distraction,,,,
229,QUEENS,Traffic Control Disregarded,12/24/2024,1899-12-30 10:48:00,"(40.7451, -73.823845)",Sedan,Sedan,0,0,11355,Unspecified,,58 AVE,,
230,MANHATTAN,Traffic Control Disregarded,12/24/2024,1899-12-30 18:12:00,"(40.795956, -73.970825)",Taxi,,0,0,10025,Unspecified,,BROADWAY,,
231,QUEENS,Unspecified,12/24/2024,1899-12-30 00:00:00,"(40.74219, -73.86594)",Sedan,,0,0,11368,,,,,
232,BROOKLYN,Following Too Closely,12/24/2024,1899-12-30 09:00:00,"(40.659412, -73.87079)",Station Wagon/Sport Utility Vehicle,Sedan,1,0,11208,Unspecified,,FLATLANDS AVE,,
233,MANHATTAN,Following Too Closely,12/24/2024,1899-12-30 09:33:00,"(40.7488, -73.96985)",Sedan,Station Wagon/Sport Utility Vehicle,1,0,10017,Unspecified,,1 AVE,Station Wagon/Sport Utility Vehicle,
234,QUEENS,Unspecified,12/24/2024,1899-12-30 12:06:00,"(40.751324, -73.8282)",Sedan,,0,0,11355,,,,,
235,BROOKLYN,Unspecified,12/23/2024,1899-12-30 08:05:00,"(40.72962, -73.95122)",Sedan,Station Wagon/Sport Utility Vehicle,0,0,11222,Unspecified,,,,
236,,Pavement Slippery,12/23/2024,1899-12-30 01:40:00,"(40.700737, -73.99499)",Moped,,2,0,,,,,,
237,,Alcohol Involvement,12/23/2024,1899-12-30 16:40:00,"(40.60348, -74.01828)",Sedan,Sedan,0,0,,Unspecified,,BELT PARKWAY EXIT 4 EASTBOUND,,
238,QUEENS,Driver Inattention/Distraction,12/23/2024,1899-12-30 08:30:00,"(40.71935, -73.84262)",Sedan,,0,0,11375,Unspecified,,AUSTIN ST,,
239,MANHATTAN,Driver Inattention/Distraction,12/23/2024,1899-12-30 08:13:00,"(40.71123, -74.00648)",Sedan,PK,0,0,10038,Unspecified,,NASSAU ST,,
240,MANHATTAN,Unspecified,12/23/2024,1899-12-30 12:00:00,"(40.78832, -73.94102)",Station Wagon/Sport Utility Vehicle,,0,0,10029,Unspecified,,E 104 ST,,
241,MANHATTAN,Backing Unsafely,12/23/2024,1899-12-30 23:40:00,"(40.854675, -73.93865)",Sedan,,0,0,10033,,,CABRINI BLVD,,
242,BRONX,Passing Too Closely,12/23/2024,1899-12-30 21:10:00,"(40.881237, -73.89719)",Sedan,,0,0,10463,Unspecified,,,,
243,MANHATTAN,Other Vehicular,12/22/2024,1899-12-30 04:11:00,"(40.791843, -73.935555)",Sedan,Sedan,1,0,10029,Unsafe Speed,Other Vehicular,FRANKLIN D ROOSEVELT DR,Sedan,
244,BROOKLYN,Passing Too Closely,12/22/2024,1899-12-30 22:15:00,"(40.65552, -73.95102)",Sedan,,0,0,11226,Unspecified,,,,
245,BROOKLYN,Driver Inattention/Distraction,12/22/2024,1899-12-30 16:30:00,"(40.60077, -74.001205)",Sedan,Station Wagon/Sport Utility Vehicle,0,0,11214,Unspecified,,,,
246,BROOKLYN,Turning Improperly,12/22/2024,1899-12-30 02:28:00,"(40.61384, -73.98144)",Sedan,Sedan,0,0,11204,Unspecified,,BAY PKWY,,
247,BRONX,Unspecified,12/22/2024,1899-12-30 20:15:00,"(40.813557, -73.85629)",,,0,0,10473,,,PATTERSON AVE,,
248,,Unsafe Speed,12/21/2024,1899-12-30 04:17:00,"(40.704422, -73.99491)",Sedan,Sedan,0,0,,Unspecified,,,,
249,QUEENS,Unsafe Speed,12/21/2024,1899-12-30 06:20:00,"(40.72416, -73.75497)",Sedan,Sedan,0,0,11427,Unspecified,,HILLSIDE AVE,,
250,BRONX,Unspecified,12/21/2024,1899-12-30 21:00:00,"(40.804695, -73.922386)",Sedan,Sedan,2,0,10454,Unspecified,,BROWN PL,Station Wagon/Sport Utility Vehicle,
251,BRONX,Unsafe Speed,12/21/2024,1899-12-30 21:36:00,"(40.834057, -73.889725)",Station Wagon/Sport Utility Vehicle,Bike,0,0,10460,Unspecified,,E 172 ST,,
252,MANHATTAN,Unspecified,12/21/2024,1899-12-30 10:35:00,"(40.73792, -73.992226)",Bus,Taxi,0,0,10003,Unspecified,,E 17 ST,,
253,MANHATTAN,Passing or Lane Usage Improper,12/21/2024,1899-12-30 16:00:00,"(40.84812, -73.930885)",Sedan,Sedan,0,0,10033,Unspecified,,W 181 ST,,
254,,Passing or Lane Usage Improper,12/21/2024,1899-12-30 12:12:00,"(40.740078, -73.72471)",Sedan,Station Wagon/Sport Utility Vehicle,0,0,,Unspecified,,244 ST,Station Wagon/Sport Utility Vehicle,
255,MANHATTAN,Unspecified,12/21/2024,1899-12-30 09:50:00,"(40.712673, -73.985596)",Sedan,,0,0,10002,,,,,
256,BROOKLYN,View Obstructed/Limited,12/20/2024,1899-12-30 09:32:00,"(40.711166, -73.94889)",Sedan,Concrete Mixer,1,0,11211,View Obstructed/Limited,,LORIMER ST,,
257,BROOKLYN,Backing Unsafely,12/20/2024,1899-12-30 13:17:00,"(40.66168, -74.00002)",Station Wagon/Sport Utility Vehicle,Station Wagon/Sport Utility Vehicle,0,0,11232,Unspecified,,25 ST,,
258,QUEENS,Turning Improperly,12/19/2024,1899-12-30 09:45:00,"(40.74404, -73.81803)",Sedan,Sedan,0,0,11355,Unspecified,,150 ST,,
259,QUEENS,Unspecified,12/19/2024,1899-12-30 12:00:00,"(40.73382, -73.87264)",Pick-up Truck,,0,0,11373,,,,,
260,BRONX,Unspecified,12/19/2024,1899-12-30 01:11:00,"(40.874844, -73.86612)",Sedan,Sedan,0,0,10467,Unspecified,,,,
261,MANHATTAN,Unspecified,12/19/2024,1899-12-30 18:11:00,"(40.77981, -73.960144)",Sedan,,0,0,10028,,,,,
262,,Failure to Yield Right-of-Way,12/18/2024,1899-12-30 09:30:00,"(40.72545, -73.837776)",Station Wagon/Sport Utility Vehicle,Station Wagon/Sport Utility Vehicle,0,0,,Unspecified,,,,
263,,Unspecified,12/18/2024,1899-12-30 23:21:00,"(40.689857, -73.726776)",Sedan,,1,0,,,,,,
264,QUEENS,Unspecified,12/18/2024,1899-12-30 18:40:00,"(40.724392, -73.904366)",Sedan,,0,0,11378,,,61 ST,,
265,BROOKLYN,Unsafe Speed,12/18/2024,1899-12-30 22:56:00,"(40.68876, -73.98084)",E-Bike,,0,0,11217,,,NEVINS ST,,
266,BROOKLYN,Driver Inattention/Distraction,12/17/2024,1899-12-30 13:30:00,"(40.60421, -73.991455)",Station Wagon/Sport Utility Vehicle,,0,0,11214,,,82 ST,,
267,BROOKLYN,Passing Too Closely,12/17/2024,1899-12-30 14:11:00,"(40.66895, -73.93389)",Dump,,0,0,11213,Unspecified,,SCHENECTADY AVE,,
268,QUEENS,Driver Inattention/Distraction,12/17/2024,1899-12-30 13:40:00,"(40.76393, -73.7696)",Sedan,,0,0,11361,Unspecified,,,,
269,,Aggressive Driving/Road Rage,12/16/2024,1899-12-30 18:41:00,"(40.83801, -73.87329)",Sedan,Pick-up Truck,0,0,,Unspecified,,,,
270,,Unsafe Lane Changing,12/16/2024,1899-12-30 15:30:00,"(40.718864, -73.97483)",Sedan,Sedan,0,0,,Unspecified,,,,
271,BRONX,Unsafe Speed,12/16/2024,1899-12-30 19:13:00,"(40.826515, -73.91794)",Sedan,Sedan,0,0,10451,Unspecified,,MORRIS AVE,,
272,BROOKLYN,Driver Inattention/Distraction,12/15/2024,1899-12-30 10:15:00,"(40.608597, -74.00485)",Sedan,Sedan,0,0,11214,Unspecified,,17 AVE,,
273,,Unspecified,12/15/2024,1899-12-30 08:43:00,"(40.812313, -73.93136)",Station Wagon/Sport Utility Vehicle,Sedan,0,0,,Unspecified,,,,
274,BRONX,Turning Improperly,12/15/2024,1899-12-30 17:00:00,"(40.86085, -73.892)",Sedan,Station Wagon/Sport Utility Vehicle,4,0,10458,Unspecified,,,,
275,,Alcohol Involvement,12/15/2024,1899-12-30 05:00:00,"(40.73771, -73.974266)",Sedan,,1,0,,,,,,
276,BRONX,Unspecified,12/15/2024,1899-12-30 19:24:00,"(40.832596, -73.81871)",Sedan,,0,0,10465,,,WILCOX AVE,,
277,BRONX,Unspecified,12/15/2024,1899-12-30 15:30:00,"(40.909676, -73.90051)",Sedan,,0,0,10471,,,TYNDALL AVE,,
278,BROOKLYN,Failure to Yield Right-of-Way,12/14/2024,1899-12-30 10:33:00,"(40.6427, -73.91767)",Station Wagon/Sport Utility Vehicle,,0,0,11236,Unspecified,,,,
279,QUEENS,Unspecified,12/14/2024,1899-12-30 17:00:00,"(0.0, 0.0)",Sedan,Sedan,0,0,11356,Unspecified,,,,
280,BRONX,Unspecified,12/14/2024,1899-12-30 13:50:00,"(40.82206, -73.9204)",Sedan,,0,0,10451,,,CONCOURSE VLG E,,
281,QUEENS,Unspecified,12/13/2024,1899-12-30 21:00:00,"(40.6831, -73.78431)",Station Wagon/Sport Utility Vehicle,,0,0,11434,,,118 AVE,,
282,MANHATTAN,Unspecified,12/13/2024,1899-12-30 15:20:00,"(40.838078, -73.93623)",Bus,,0,0,10032,,,W 167 ST,,
283,MANHATTAN,Unspecified,12/9/2024,1899-12-30 15:00:00,"(40.71383, -73.985916)",Sedan,,0,0,10002,,,,,
284,BRONX,Unspecified,12/9/2024,1899-12-30 22:05:00,"(40.86275, -73.90493)",E-Scooter,,0,0,10468,,,W FORDHAM RD,,
285,MANHATTAN,Unspecified,12/8/2024,1899-12-30 03:15:00,"(40.755505, -73.96806)",Sedan,,0,0,10022,,,2 AVE,,
286,MANHATTAN,Driver Inattention/Distraction,12/7/2024,1899-12-30 13:34:00,"(40.729492, -74.00697)",,,0,0,10014,,,HUDSON ST,,
287,BROOKLYN,Turning Improperly,12/4/2024,1899-12-30 13:20:00,"(40.64787, -73.97296)",Moped,Sedan,1,0,11218,Turning Improperly,,,,
288,BROOKLYN,Unspecified,12/4/2024,1899-12-30 16:50:00,"(40.709316, -73.933)",Bike,Box Truck,0,0,11237,Unspecified,,MESEROLE ST,,
289,MANHATTAN,Unspecified,12/3/2024,1899-12-30 15:00:00,"(40.794487, -73.949234)",Sedan,,0,0,10029,,,,,
290,MANHATTAN,Unspecified,12/2/2024,1899-12-30 07:10:00,"(40.780293, -73.955635)",Sedan,,0,0,10128,Unspecified,,,,
291,QUEENS,Turning Improperly,12/1/2024,1899-12-30 09:06:00,"(40.747105, -73.88654)",Sedan,,0,0,11373,Unspecified,,,,
292,QUEENS,Backing Unsafely,12/1/2024,1899-12-30 12:50:00,"(40.755302, -73.73827)",Sedan,,0,0,11362,Unspecified,,,,
293,,Other Vehicular,11/29/2024,1899-12-30 01:24:00,"(40.844105, -73.898)",Convertible,,1,0,,Other Vehicular,,,,
294,QUEENS,Driver Inattention/Distraction,11/29/2024,1899-12-30 18:42:00,"(40.704033, -73.79379)",,,0,0,11433,,,165 ST,,
295,STATEN ISLAND,Lost Consciousness,11/28/2024,1899-12-30 08:30:00,"(40.609146, -74.075)",Sedan,,1,0,10305,,,,,
296,,Passenger Distraction,11/27/2024,1899-12-30 19:49:00,"(40.63083, -73.90736)",,,0,0,,,,AVENUE L,,
297,QUEENS,Driver Inattention/Distraction,11/26/2024,1899-12-30 10:05:00,"(40.778614, -73.83976)",Sedan,,0,0,11356,,,23 AVE,,
298,,Driver Inattention/Distraction,11/26/2024,1899-12-30 15:15:00,"(40.62425, -74.02007)",Sedan,,1,0,,Unspecified,,7 AVE,,
299,MANHATTAN,Unspecified,11/26/2024,1899-12-30 19:41:00,"(40.7795, -73.95558)",Taxi,,0,0,10028,,,LEXINGTON AVE,,
300,BROOKLYN,Unspecified,11/25/2024,1899-12-30 21:05:00,"(40.669685, -73.94021)",Station Wagon/Sport Utility Vehicle,,2,0,11213,,,,,
301,,Unspecified,11/25/2024,1899-12-30 09:55:00,"(40.717354, -73.79803)",Sedan,,0,0,,,,GRAND CENTRAL PARKWAY,,
302,BRONX,Oversized Vehicle,11/22/2024,1899-12-30 09:23:00,"(40.834705, -73.91826)",Garbage or Refuse,,0,0,10452,,,GRANDVIEW PL,,
303,,Pavement Slippery,11/21/2024,1899-12-30 05:50:00,"(40.679234, -74.00397)",Sedan,,0,0,,,,,,
304,QUEENS,Driver Inexperience,11/21/2024,1899-12-30 20:16:00,"(40.68928, -73.796104)",Station Wagon/Sport Utility Vehicle,Sedan,0,0,11435,Driver Inattention/Distraction,,110 RD,,
305,,Driver Inattention/Distraction,11/21/2024,1899-12-30 06:25:00,"(40.732773, -73.94281)",,,0,0,,,,GREENPOINT AVE,,
306,,Driver Inattention/Distraction,11/21/2024,1899-12-30 23:00:00,"(40.700497, -73.96255)",Sedan,,0,0,,,,KENT AVE,,
307,BROOKLYN,Fell Asleep,11/20/2024,1899-12-30 23:58:00,"(40.69864, -73.93818)",Sedan,,0,0,11206,,,LOCUST ST,,
308,QUEENS,Unspecified,11/18/2024,1899-12-30 20:59:00,"(40.74985, -73.81855)",Station Wagon/Sport Utility Vehicle,,0,0,11355,,,,,
309,BRONX,Backing Unsafely,11/15/2024,1899-12-30 08:25:00,"(40.821358, -73.88911)",Sedan,,0,0,10459,,,BRUCKNER BLVD,,
310,,Unspecified,11/15/2024,1899-12-30 16:26:00,"(40.6293, -74.0766)",Sedan,Bike,0,0,,Unspecified,,SANDS ST,,
311,BRONX,Unspecified,11/15/2024,1899-12-30 00:15:00,"(40.817093, -73.90535)",Sedan,,0,0,10455,,,,,
312,,Unsafe Lane Changing,11/15/2024,1899-12-30 08:24:00,"(40.69593, -73.96547)",Box Truck,Sedan,0,0,,Unspecified,,RYERSON ST,,
313,,Fell Asleep,11/13/2024,1899-12-30 05:35:00,"(40.86669, -73.831314)",Flat Bed,Pickup,1,0,,Unspecified,,,,
314,QUEENS,Turning Improperly,11/12/2024,1899-12-30 17:42:00,"(40.741116, -73.757355)",Bus,Sedan,0,0,11364,Unspecified,,217 ST,,
315,STATEN ISLAND,Unspecified,11/11/2024,1899-12-30 19:00:00,"(40.54538, -74.176)",Sedan,,0,0,10312,,,,,
316,,Unsafe Speed,11/11/2024,1899-12-30 07:30:00,"(40.689857, -73.726776)",Taxi,,0,0,,,,,,
317,BRONX,Unspecified,11/9/2024,1899-12-30 05:10:00,"(40.831974, -73.92349)",Sedan,Sedan,0,0,10452,Unspecified,,RIVER AVE,,
318,BROOKLYN,Oversized Vehicle,11/5/2024,1899-12-30 10:51:00,"(40.7002, -73.94753)",Sedan,,0,0,11206,,,,,
319,MANHATTAN,Unspecified,11/5/2024,1899-12-30 00:00:00,"(40.819702, -73.942635)",Sedan,,0,0,10030,Unspecified,,,,
320,BRONX,,11/4/2024,1899-12-30 11:40:00,"(40.822422, -73.89154)",,,0,0,10459,,,,,
321,QUEENS,View Obstructed/Limited,11/3/2024,1899-12-30 16:10:00,"(40.74712, -73.94238)",Sedan,,2,0,11101,,,44 DR,,
322,QUEENS,Unspecified,10/30/2024,1899-12-30 17:25:00,"(0.0, 0.0)",Station Wagon/Sport Utility Vehicle,,0,0,11433,,,,,
323,BRONX,Unspecified,10/30/2024,1899-12-30 17:07:00,"(40.823578, -73.89203)",Sedan,,0,0,10459,,,,,
324,BROOKLYN,Unspecified,10/29/2024,1899-12-30 12:49:00,"(40.65491, -73.87288)",Sedan,,0,0,11239,,,SCHROEDERS AVE,,
325,BRONX,Unspecified,10/28/2024,1899-12-30 15:03:00,"(40.86544, -73.85578)",Pick-up Truck,,0,0,10469,,,LACONIA AVE,,
326,,Unspecified,10/28/2024,1899-12-30 18:35:00,"(40.76747, -73.75961)",Sedan,Sedan,1,0,,Unspecified,,,,
327,QUEENS,Unspecified,10/25/2024,1899-12-30 08:30:00,"(40.714222, -73.80123)",Pick-up Truck,,0,0,11432,,,165 STREET,,
328,,Failure to Yield Right-of-Way,10/24/2024,1899-12-30 17:20:00,"(40.678947, -73.865166)",,,0,0,,,,LIBERTY AVENUE,,
329,,Unspecified,10/24/2024,1899-12-30 06:15:00,"(40.6606, -74.001274)",Tractor Truck Diesel,Sedan,0,0,,Unspecified,,,,
330,,Driver Inattention/Distraction,10/23/2024,1899-12-30 23:40:00,,Station Wagon/Sport Utility Vehicle,Tractor Truck Diesel,1,0,,Driver Inattention/Distraction,,,,
331,,Failure to Yield Right-of-Way,10/22/2024,1899-12-30 12:25:00,,Sedan,,0,0,,,,HARDING EXPRESSWAY,,
332,,Unspecified,10/21/2024,1899-12-30 18:32:00,"(40.75348, -73.97879)",Sedan,,0,0,,Unspecified,,,,
333,MANHATTAN,Unspecified,10/12/2024,1899-12-30 16:06:00,"(40.798622, -73.94163)",Sedan,Sedan,0,0,10029,Unspecified,,EAST 116 STREET,,
334,,Driver Inattention/Distraction,10/11/2024,1899-12-30 19:54:00,"(40.684, -73.95031)",Sedan,Sedan,0,0,,Unspecified,,,,
335,,Unspecified,10/9/2024,1899-12-30 15:30:00,,Bike,Sedan,0,0,,Unspecified,,,,
336,,Passing or Lane Usage Improper,10/9/2024,1899-12-30 11:40:00,,Sedan,Station Wagon/Sport Utility Vehicle,0,0,,Following Too Closely,,,,
337,,Unspecified,10/9/2024,1899-12-30 09:58:00,"(40.73937, -73.79189)",Sedan,Taxi,0,0,,Unspecified,,,,
338,STATEN ISLAND,Failure to Yield Right-of-Way,10/8/2024,1899-12-30 18:40:00,,Sedan,,0,0,10309,,,,,
339,,Passing or Lane Usage Improper,10/7/2024,1899-12-30 19:30:00,"(40.68668, -73.95958)",Sedan,,0,0,,Unspecified,,,,
340,,Unsafe Speed,10/7/2024,1899-12-30 17:10:00,"(40.703724, -73.95979)",Sedan,Van,1,0,,Unspecified,,,,
341,MANHATTAN,Driver Inattention/Distraction,10/7/2024,1899-12-30 14:30:00,,Station Wagon/Sport Utility Vehicle,,0,0,10011,,,WEST 4 STREET,,
342,,Unspecified,10/7/2024,1899-12-30 08:18:00,"(40.716034, -73.80416)",PAS,Sedan,0,0,,Unspecified,,,,
343,,Following Too Closely,10/6/2024,1899-12-30 11:20:00,,Sedan,Sedan,1,0,,Following Too Closely,,,Sedan,
344,,Traffic Control Disregarded,10/6/2024,1899-12-30 01:51:00,"(40.583057, -73.973114)",Tractor Truck Diesel,,0,0,,,,,,
345,,Failure to Yield Right-of-Way,10/6/2024,1899-12-30 13:05:00,,Station Wagon/Sport Utility Vehicle,Sedan,1,0,,Unspecified,,,,
346,,Unspecified,10/6/2024,1899-12-30 13:30:00,,Station Wagon/Sport Utility Vehicle,Station Wagon/Sport Utility Vehicle,2,0,,Unspecified,,,,
347,,Unsafe Speed,10/6/2024,1899-12-30 00:57:00,,Sedan,Bike,0,0,,Unspecified,,,,
348,,Other Vehicular,10/6/2024,1899-12-30 10:47:00,,Sedan,,1,0,,Unspecified,,BORO LINE,,
349,,Unspecified,10/5/2024,1899-12-30 12:40:00,"(40.64254, -73.87652)",Bike,E-Bike,0,0,,Unspecified,,,,
350,,Driver Inattention/Distraction,10/5/2024,1899-12-30 13:43:00,,Station Wagon/Sport Utility Vehicle,,0,0,,Unspecified,,,,
351,,Failure to Yield Right-of-Way,10/5/2024,1899-12-30 10:56:00,,Sedan,Sedan,1,0,,Failure to Yield Right-of-Way,,,,
352,QUEENS,Unspecified,10/5/2024,1899-12-30 23:20:00,"(40.75548, -73.92846)",,,0,0,11106,,,,,
353,,Unspecified,10/5/2024,1899-12-30 14:45:00,,Sedan,Sedan,1,0,,Unspecified,,,,
354,,Driver Inattention/Distraction,10/4/2024,1899-12-30 06:05:00,,Sedan,,0,0,,,,,,
355,,Driver Inattention/Distraction,10/4/2024,1899-12-30 23:49:00,"(40.66535, -73.81695)",Sedan,Sedan,2,0,,Driver Inattention/Distraction,,,,
356,,Driver Inattention/Distraction,10/4/2024,1899-12-30 21:36:00,,PK,Bike,0,0,,Unspecified,,,,
357,,Passing or Lane Usage Improper,10/3/2024,1899-12-30 12:00:00,,Station Wagon/Sport Utility Vehicle,Box Truck,1,0,,Backing Unsafely,,,,
358,,Driver Inexperience,10/3/2024,1899-12-30 14:15:00,,Station Wagon/Sport Utility Vehicle,,0,0,,Unspecified,,,,
359,,Unsafe Lane Changing,10/3/2024,1899-12-30 15:36:00,,Sedan,Sedan,0,0,,Unspecified,,,Sedan,
360,,Unspecified,10/3/2024,1899-12-30 02:08:00,,Station Wagon/Sport Utility Vehicle,,0,0,,,,,,
361,,Following Too Closely,10/3/2024,1899-12-30 08:18:00,,Sedan,Station Wagon/Sport Utility Vehicle,1,0,,Unspecified,,,,
362,,Unspecified,10/3/2024,1899-12-30 05:30:00,,,,0,0,,,,HYLAN BOULEVARD,,
363,,Other Vehicular,10/3/2024,1899-12-30 17:56:00,,Station Wagon/Sport Utility Vehicle,Moped,0,0,,Aggressive Driving/Road Rage,,,,
364,BRONX,Driver Inexperience,10/2/2024,1899-12-30 05:55:00,,Sedan,Station Wagon/Sport Utility Vehicle,0,0,10451,Unspecified,,EAST 138 STREET,,
365,,Driver Inattention/Distraction,10/2/2024,1899-12-30 11:30:00,,Sedan,,0,0,,Unspecified,,,,
366,QUEENS,Passing or Lane Usage Improper,10/2/2024,1899-12-30 10:20:00,,Pick-up Truck,,1,0,11434,,,150 street,,
367,,Driver Inattention/Distraction,10/2/2024,1899-12-30 14:02:00,,Sedan,,0,0,,,,,,
368,,Unspecified,10/2/2024,1899-12-30 17:43:00,,Station Wagon/Sport Utility Vehicle,,0,0,,Unspecified,,BOSTON ROAD,,
369,,Failure to Yield Right-of-Way,10/1/2024,1899-12-30 16:38:00,,Bus,,0,0,,,,,,
370,BRONX,View Obstructed/Limited,10/1/2024,1899-12-30 14:07:00,,Bus,Sedan,2,0,10456,View Obstructed/Limited,,EAST 163 STREET,,
371,,Passing Too Closely,10/1/2024,1899-12-30 08:20:00,,Station Wagon/Sport Utility Vehicle,Box Truck,0,0,,Unspecified,,,,
372,,Unspecified,10/1/2024,1899-12-30 15:33:00,,Sedan,E-Bike,0,0,,Unspecified,,,,
373,,Unspecified,10/1/2024,1899-12-30 06:35:00,"(40.716824, -73.82019)",Station Wagon/Sport Utility Vehicle,,0,0,,,,,,
374,,Unspecified,10/1/2024,1899-12-30 17:50:00,,Sedan,Bus,0,0,,Unspecified,,,,
375,,Failure to Yield Right-of-Way,10/1/2024,1899-12-30 07:00:00,,Station Wagon/Sport Utility Vehicle,Sedan,0,0,,Unspecified,,,,
376,,Driver Inattention/Distraction,10/1/2024,1899-12-30 08:03:00,,Station Wagon/Sport Utility Vehicle,E-Bike,0,0,,Unspecified,,,,
377,,Driver Inattention/Distraction,10/1/2024,1899-12-30 10:05:00,,Station Wagon/Sport Utility Vehicle,Bike,0,0,,Unspecified,,,,
378,,Reaction to Uninvolved Vehicle,10/1/2024,1899-12-30 11:49:00,"(40.736145, -73.92651)",Station Wagon/Sport Utility Vehicle,,0,0,,,,,,
379,BROOKLYN,Animals Action,10/1/2024,1899-12-30 16:00:00,,Sedan,,0,0,11238,,,WASHINGTON AVENUE,,
380,,Unspecified,10/1/2024,1899-12-30 11:00:00,"(40.761005, -73.77828)",Tractor Truck Gasoline,Sedan,0,0,,Unspecified,,,,
381,,Traffic Control Disregarded,9/30/2024,1899-12-30 17:14:00,,Station Wagon/Sport Utility Vehicle,Bike,0,0,,Unspecified,,,,
382,,Unspecified,9/30/2024,1899-12-30 12:30:00,,Station Wagon/Sport Utility Vehicle,Dump,0,0,,Unspecified,,,,
383,,Unsafe Lane Changing,9/30/2024,1899-12-30 08:00:00,"(40.753407, -73.852356)",Convertible,Convertible,1,0,,Unspecified,,,,
384,,Passing Too Closely,9/30/2024,1899-12-30 10:06:00,,Sedan,Sedan,0,0,,Unspecified,,CLEARVIEW EXPRESSWAY,,
385,,Driver Inattention/Distraction,9/30/2024,1899-12-30 12:40:00,,Station Wagon/Sport Utility Vehicle,Sedan,0,0,,Unspecified,,,,
386,,Failure to Yield Right-of-Way,9/30/2024,1899-12-30 17:45:00,,Station Wagon/Sport Utility Vehicle,Sedan,0,0,,Unspecified,,,,
387,,Following Too Closely,9/30/2024,1899-12-30 11:30:00,"(40.753407, -73.852356)",Station Wagon/Sport Utility Vehicle,Dump,0,0,,Unspecified,,,,
388,,Following Too Closely,9/30/2024,1899-12-30 09:48:00,"(40.7549, -73.74548)",Sedan,Sedan,0,0,,Unspecified,,,,
389,,Tire Failure/Inadequate,9/30/2024,1899-12-30 19:39:00,,mot,,2,0,,,,,,
390,,Turning Improperly,9/30/2024,1899-12-30 14:45:00,,Motorcycle,Sedan,1,0,,Unspecified,,BROOKVILLE BOULEVARD,,
391,,Failure to Keep Right,9/30/2024,1899-12-30 14:10:00,,E-Scooter,Station Wagon/Sport Utility Vehicle,0,0,,Driver Inattention/Distraction,,,,
392,,Unspecified,9/30/2024,1899-12-30 20:59:00,,Station Wagon/Sport Utility Vehicle,Sedan,3,0,,Unspecified,,KNAPP STREET,,
393,,Passing Too Closely,9/30/2024,1899-12-30 08:00:00,,Sedan,,0,0,,Unspecified,,,,
394,,Unspecified,9/30/2024,1899-12-30 06:41:00,,E-Bike,Sedan,1,0,,Unspecified,,,,
395,,Accelerator Defective,9/30/2024,1899-12-30 06:30:00,"(40.819637, -73.93432)",Sedan,Sedan,3,0,,Other Vehicular,,,,
396,,Other Vehicular,9/30/2024,1899-12-30 09:30:00,"(40.66735, -73.76994)",Station Wagon/Sport Utility Vehicle,,2,0,,Other Vehicular,,,,
397,,Unspecified,9/30/2024,1899-12-30 12:30:00,,Station Wagon/Sport Utility Vehicle,,0,0,,,,,,
398,,Unspecified,9/30/2024,1899-12-30 16:57:00,"(40.836098, -73.934875)",Sedan,Bus,0,0,,Unspecified,,,,
399,,Pavement Slippery,9/29/2024,1899-12-30 07:24:00,"(40.61047, -74.11837)",Sedan,,0,0,,,,,,
400,,Failure to Yield Right-of-Way,9/29/2024,1899-12-30 20:12:00,,Station Wagon/Sport Utility Vehicle,,0,0,,,,,,
401,,Driver Inattention/Distraction,9/29/2024,1899-12-30 01:07:00,"(40.72545, -73.837776)",Sedan,,0,0,,Unspecified,,,,
402,,Passing Too Closely,9/29/2024,1899-12-30 16:40:00,,Box Truck,Sedan,0,0,,Unspecified,,,,
403,,Backing Unsafely,9/29/2024,1899-12-30 20:07:00,,Sedan,,0,0,,Unspecified,,,,
404,,Failure to Yield Right-of-Way,9/29/2024,1899-12-30 00:30:00,,Sedan,Station Wagon/Sport Utility Vehicle,2,0,,Unspecified,,,,
405,,Pavement Slippery,9/29/2024,1899-12-30 10:30:00,,Taxi,Station Wagon/Sport Utility Vehicle,2,0,,Unspecified,,,Station Wagon/Sport Utility Vehicle,
406,,Driver Inattention/Distraction,9/29/2024,1899-12-30 14:20:00,,Sedan,,0,0,,Unspecified,,,,
407,,Unsafe Speed,9/29/2024,1899-12-30 05:28:00,,Station Wagon/Sport Utility Vehicle,,2,0,,,,,,
408,,Pavement Slippery,9/29/2024,1899-12-30 09:30:00,"(40.714104, -73.95322)",Convertible,,0,0,,,,,,
409,,Driver Inattention/Distraction,9/29/2024,1899-12-30 08:00:00,"(40.739933, -73.84579)",Sedan,Sedan,1,0,,Unspecified,,,,
410,,Driver Inattention/Distraction,9/29/2024,1899-12-30 19:55:00,"(40.668625, -73.738235)",Sedan,,1,0,,Unspecified,,,,
411,,Aggressive Driving/Road Rage,9/29/2024,1899-12-30 23:10:00,"(40.737278, -73.85246)",Sedan,Sedan,0,0,,Unspecified,,,,
412,,Unspecified,9/28/2024,1899-12-30 11:43:00,,Tractor Truck Diesel,Station Wagon/Sport Utility Vehicle,4,0,,Unspecified,,LONG ISLAND EXPRESSWAY,,
413,,Unspecified,9/28/2024,1899-12-30 21:58:00,"(40.584366, -73.9271)",Sedan,,0,0,,,,,,
414,,,9/28/2024,1899-12-30 19:00:00,,,,0,0,,,,,,
415,,Unsafe Lane Changing,9/28/2024,1899-12-30 19:13:00,,Bus,Station Wagon/Sport Utility Vehicle,0,0,,Unspecified,,,,
416,,Unsafe Lane Changing,9/28/2024,1899-12-30 19:08:00,"(40.672886, -73.99922)",Sedan,Bulk Agriculture,0,0,,Unspecified,,,,
417,,Failure to Yield Right-of-Way,9/28/2024,1899-12-30 17:20:00,,Station Wagon/Sport Utility Vehicle,Moped,1,0,,Driver Inexperience,,,,
418,,Unspecified,9/27/2024,1899-12-30 19:00:00,,Station Wagon/Sport Utility Vehicle,,0,0,,,,,,
419,,Driver Inattention/Distraction,9/27/2024,1899-12-30 14:00:00,,Station Wagon/Sport Utility Vehicle,Moped,1,0,,Unspecified,,,,
420,,Reaction to Uninvolved Vehicle,9/27/2024,1899-12-30 12:42:00,"(40.651863, -73.86536)",Sedan,Station Wagon/Sport Utility Vehicle,0,0,,Unspecified,,,,
421,,Unspecified,9/27/2024,1899-12-30 22:29:00,,Box Truck,Sedan,0,0,,Unspecified,,,,
422,,Pavement Slippery,9/27/2024,1899-12-30 04:30:00,,Station Wagon/Sport Utility Vehicle,,0,0,,,,,,
423,,Unsafe Speed,9/27/2024,1899-12-30 01:30:00,"(40.651974, -73.86542)",Sedan,Sedan,1,0,,Unspecified,Unspecified,,Sedan,
424,,Pedestrian/Bicyclist/Other Pedestrian Error/Confusion,9/27/2024,1899-12-30 23:49:00,,Sedan,,0,0,,,,,,
425,,Driver Inattention/Distraction,9/27/2024,1899-12-30 17:50:00,,Station Wagon/Sport Utility Vehicle,Sedan,0,0,,Unspecified,,,,
426,,Unsafe Speed,9/27/2024,1899-12-30 00:19:00,"(40.856537, -73.87257)",Sedan,Sedan,2,0,,Unspecified,,,Sedan,
427,,Unsafe Speed,9/27/2024,1899-12-30 19:00:00,,Carry All,Sedan,1,0,,Unspecified,,,,
428,,Fell Asleep,9/27/2024,1899-12-30 23:22:00,,Sedan,Station Wagon/Sport Utility Vehicle,1,0,,Unspecified,,,,
429,,Driver Inattention/Distraction,9/27/2024,1899-12-30 00:26:00,"(40.65723, -74.00478)",Station Wagon/Sport Utility Vehicle,Sedan,0,0,,Unspecified,,,,
430,,Driver Inattention/Distraction,9/27/2024,1899-12-30 17:10:00,,Sedan,Pick-up Truck,0,0,,Unspecified,,,,
431,,Driver Inattention/Distraction,9/27/2024,1899-12-30 23:45:00,"(40.672886, -73.99922)",Sedan,,0,0,,Unspecified,,,,
432,,Passing or Lane Usage Improper,9/27/2024,1899-12-30 23:05:00,,Sedan,Sedan,0,0,,Unspecified,,,,
433,,Unspecified,9/26/2024,1899-12-30 08:30:00,,Taxi,Sedan,2,0,,Unspecified,,NORTHERN BOULEVARD,,
434,,Unspecified,9/26/2024,1899-12-30 19:57:00,,Sedan,,0,0,,,,,,
435,,Traffic Control Disregarded,9/26/2024,1899-12-30 21:50:00,,Garbage or Refuse,Station Wagon/Sport Utility Vehicle,0,0,,Unspecified,,,PK,
436,,Alcohol Involvement,9/26/2024,1899-12-30 22:30:00,,Station Wagon/Sport Utility Vehicle,Bike,0,0,,Unspecified,,,,
437,,View Obstructed/Limited,9/26/2024,1899-12-30 14:25:00,,Station Wagon/Sport Utility Vehicle,,0,0,,,,,,
438,,Following Too Closely,9/26/2024,1899-12-30 05:25:00,,Sedan,Sedan,1,0,,Unspecified,Unspecified,,Sedan,
439,,Unspecified,9/26/2024,1899-12-30 09:12:00,,Station Wagon/Sport Utility Vehicle,Tractor Truck Gasoline,0,0,,Unspecified,,OCEAN PARKWAY,,
440,,Failure to Yield Right-of-Way,9/26/2024,1899-12-30 23:10:00,,Station Wagon/Sport Utility Vehicle,E-Bike,0,0,,Unspecified,,,,
441,,Failure to Yield Right-of-Way,9/26/2024,1899-12-30 17:00:00,,Station Wagon/Sport Utility Vehicle,Sedan,0,0,,Unspecified,,,,
442,,Passing or Lane Usage Improper,9/26/2024,1899-12-30 22:15:00,,Sedan,,0,0,,Driver Inattention/Distraction,,,,
443,,Unspecified,9/26/2024,1899-12-30 08:10:00,,Sedan,Station Wagon/Sport Utility Vehicle,0,0,,Unspecified,,,Station Wagon/Sport Utility Vehicle,
444,,Driver Inattention/Distraction,9/26/2024,1899-12-30 20:15:00,"(40.722095, -73.77772)",Sedan,Sedan,1,0,,Unspecified,,,Station Wagon/Sport Utility Vehicle,
445,,Traffic Control Disregarded,9/26/2024,1899-12-30 18:30:00,,Motorscooter,Motorscooter,2,0,,Unspecified,,,,
446,,Alcohol Involvement,9/26/2024,1899-12-30 05:30:00,,Station Wagon/Sport Utility Vehicle,,0,0,,,,,,
447,,Passing or Lane Usage Improper,9/26/2024,1899-12-30 15:00:00,,Station Wagon/Sport Utility Vehicle,Station Wagon/Sport Utility Vehicle,2,0,,Unspecified,,VANWYCK EXPRESSWAY,Station Wagon/Sport Utility Vehicle,
448,,Unsafe Speed,9/26/2024,1899-12-30 08:00:00,,Station Wagon/Sport Utility Vehicle,,0,0,,Unspecified,,,,
449,,Following Too Closely,9/26/2024,1899-12-30 16:17:00,,Sedan,Sedan,0,0,,Unspecified,,,Sedan,
450,,Passing or Lane Usage Improper,9/25/2024,1899-12-30 01:30:00,"(40.69513, -73.81231)",Taxi,Tractor Truck Diesel,0,0,,Unspecified,,,,
451,,Unspecified,9/25/2024,1899-12-30 04:40:00,,Station Wagon/Sport Utility Vehicle,,0,0,,,,168 STREET,,
452,,Driver Inattention/Distraction,9/25/2024,1899-12-30 07:48:00,,Sedan,Sedan,1,0,,Unspecified,,,,
453,,Unspecified,9/25/2024,1899-12-30 00:35:00,,Station Wagon/Sport Utility Vehicle,,3,0,,,,ASTORIA BOULEVARD,,
454,,Unsafe Lane Changing,9/25/2024,1899-12-30 18:01:00,,Sedan,Station Wagon/Sport Utility Vehicle,0,0,,Unspecified,,,,
455,,Unspecified,9/25/2024,1899-12-30 11:27:00,,Station Wagon/Sport Utility Vehicle,Station Wagon/Sport Utility Vehicle,2,0,,Unspecified,,,,
456,,Passing or Lane Usage Improper,9/25/2024,1899-12-30 18:00:00,,Station Wagon/Sport Utility Vehicle,Station Wagon/Sport Utility Vehicle,1,0,,Unspecified,,,,
457,,Driver Inattention/Distraction,9/25/2024,1899-12-30 07:40:00,,Sedan,Station Wagon/Sport Utility Vehicle,1,0,,Other Vehicular,Other Vehicular,,Station Wagon/Sport Utility Vehicle,
458,,Unsafe Lane Changing,9/25/2024,1899-12-30 12:45:00,,Station Wagon/Sport Utility Vehicle,,0,0,,Unspecified,,,,
459,,Failure to Yield Right-of-Way,9/25/2024,1899-12-30 16:40:00,,Sedan,Motorcycle,1,0,,Unspecified,,,,
460,,Turning Improperly,9/25/2024,1899-12-30 06:42:00,,Station Wagon/Sport Utility Vehicle,Taxi,1,0,,Unspecified,Unspecified,,Station Wagon/Sport Utility Vehicle,
461,,Driver Inattention/Distraction,9/25/2024,1899-12-30 04:45:00,,Station Wagon/Sport Utility Vehicle,Sedan,0,0,,Unspecified,,,,
462,,Driver Inattention/Distraction,9/25/2024,1899-12-30 14:00:00,,Tow truck,Sedan,0,0,,Passing or Lane Usage Improper,,,,
463,,Unsafe Lane Changing,9/25/2024,1899-12-30 16:00:00,,Station Wagon/Sport Utility Vehicle,Station Wagon/Sport Utility Vehicle,0,0,,Unspecified,,,,
464,,Passing Too Closely,9/25/2024,1899-12-30 12:30:00,,Sedan,,0,0,,Unspecified,,,,
465,,View Obstructed/Limited,9/25/2024,1899-12-30 12:15:00,"(40.637615, -74.02054)",Station Wagon/Sport Utility Vehicle,Flat Bed,0,0,,Unspecified,,,,
466,,Failure to Yield Right-of-Way,9/25/2024,1899-12-30 17:55:00,,Station Wagon/Sport Utility Vehicle,,0,0,,,,,,
467,BRONX,Unsafe Speed,9/25/2024,1899-12-30 12:30:00,,Station Wagon/Sport Utility Vehicle,,0,0,10465,,,,,
468,,Aggressive Driving/Road Rage,9/25/2024,1899-12-30 08:45:00,,Bike,,0,0,,,,,,
469,,Driver Inattention/Distraction,9/25/2024,1899-12-30 09:50:00,,Station Wagon/Sport Utility Vehicle,Sedan,1,0,,Unspecified,,,,
470,,Driver Inattention/Distraction,9/24/2024,1899-12-30 12:45:00,,Station Wagon/Sport Utility Vehicle,Sedan,0,0,,Driver Inattention/Distraction,,,,
471,,Driver Inattention/Distraction,9/24/2024,1899-12-30 09:30:00,"(40.666145, -73.759125)",Station Wagon/Sport Utility Vehicle,Station Wagon/Sport Utility Vehicle,1,0,,Unspecified,,,,
472,,Failure to Yield Right-of-Way,9/24/2024,1899-12-30 21:00:00,,Sedan,,0,0,,,,,,
473,,Driver Inattention/Distraction,9/24/2024,1899-12-30 08:04:00,,Sedan,,0,0,,,,,,
474,,Aggressive Driving/Road Rage,9/24/2024,1899-12-30 20:00:00,,Sedan,Sedan,0,0,,Unspecified,,,,
475,,Failure to Yield Right-of-Way,9/24/2024,1899-12-30 20:35:00,"(40.741936, -73.97263)",Sedan,Station Wagon/Sport Utility Vehicle,1,0,,Unspecified,,,,
476,,Passing or Lane Usage Improper,9/23/2024,1899-12-30 16:00:00,,Station Wagon/Sport Utility Vehicle,Sedan,0,0,,Unspecified,,,,
477,,Unspecified,9/23/2024,1899-12-30 23:33:00,"(40.699577, -73.868645)",Station Wagon/Sport Utility Vehicle,,1,0,,,,,,
478,,Other Vehicular,9/23/2024,1899-12-30 19:00:00,,Station Wagon/Sport Utility Vehicle,Bus,0,0,,Driver Inattention/Distraction,,,,
479,,Unspecified,9/23/2024,1899-12-30 02:20:00,"(40.836296, -73.87369)",Station Wagon/Sport Utility Vehicle,,1,0,,,,,,
480,,Failure to Yield Right-of-Way,9/23/2024,1899-12-30 23:31:00,"(40.767372, -73.950066)",Station Wagon/Sport Utility Vehicle,Sedan,0,0,,Unspecified,,,,
481,,Passing Too Closely,9/23/2024,1899-12-30 11:01:00,,FDNY Fire,Sedan,0,0,,Unspecified,,,,
482,,Following Too Closely,9/23/2024,1899-12-30 17:00:00,,E-Scooter,Bus,0,0,,Driver Inattention/Distraction,,,,
483,,Turning Improperly,9/23/2024,1899-12-30 03:00:00,,Dump,Sedan,3,0,,Unspecified,,GRAND CENTRAL PARKWAY,,
484,,Driver Inattention/Distraction,9/23/2024,1899-12-30 08:00:00,,Sedan,Sedan,2,0,,Unspecified,,,,
485,,Unsafe Speed,9/23/2024,1899-12-30 22:09:00,,Taxi,Sedan,0,0,,Unspecified,Unspecified,,Station Wagon/Sport Utility Vehicle,
486,,Passing Too Closely,9/23/2024,1899-12-30 12:00:00,,Sedan,Pick-up Truck,0,0,,Unspecified,,,,
487,BROOKLYN,Driver Inattention/Distraction,9/23/2024,1899-12-30 16:41:00,,Sedan,,0,0,11226,,,Buckingham road,,
488,,Following Too Closely,9/23/2024,1899-12-30 12:55:00,,Sedan,d3,0,0,,Unspecified,,,,
489,,Following Too Closely,9/23/2024,1899-12-30 15:50:00,,Station Wagon/Sport Utility Vehicle,Sedan,1,0,,Unspecified,,,,
490,,Other Vehicular,9/23/2024,1899-12-30 11:30:00,,Station Wagon/Sport Utility Vehicle,Station Wagon/Sport Utility Vehicle,0,0,,Driver Inattention/Distraction,,,,
491,,Animals Action,9/23/2024,1899-12-30 09:00:00,,Bike,,0,0,,,,,,
492,,Driver Inattention/Distraction,9/23/2024,1899-12-30 00:46:00,"(40.82957, -73.84849)",Tractor Truck Diesel,Sedan,0,0,,Unspecified,,,,
493,,Driver Inexperience,9/23/2024,1899-12-30 20:50:00,,Sedan,Sedan,0,0,,Unspecified,,,,
494,,Other Vehicular,9/23/2024,1899-12-30 08:29:00,"(40.761272, -73.95571)",Station Wagon/Sport Utility Vehicle,Sedan,0,0,,Following Too Closely,,,,
495,,Passing or Lane Usage Improper,9/23/2024,1899-12-30 23:40:00,,Station Wagon/Sport Utility Vehicle,,0,0,,Unspecified,,,,
496,QUEENS,Backing Unsafely,9/23/2024,1899-12-30 12:00:00,,Station Wagon/Sport Utility Vehicle,,0,0,11360,Unspecified,,,,
497,,Following Too Closely,9/23/2024,1899-12-30 06:15:00,"(40.74709, -73.76325)",Station Wagon/Sport Utility Vehicle,,0,0,,Unspecified,,,,
498,,Following Too Closely,9/23/2024,1899-12-30 18:00:00,"(40.762093, -73.75691)",Sedan,Station Wagon/Sport Utility Vehicle,1,0,,Unspecified,,,,
499,,Driver Inattention/Distraction,9/23/2024,1899-12-30 13:49:00,"(40.591312, -73.99388)",Station Wagon/Sport Utility Vehicle,Station Wagon/Sport Utility Vehicle,1,0,,Unspecified,,,,
