Winning Team,Winner Points ,Season,Position,Points,Goals For,Goals Against,Goal Difference,Manager,Milestone
Manchester United,91,1999-2000,2,73,73,43,30,Arsène Wenger,Runners-up to Manchester United
Manchester United,80,2000-2001,2,70,63,38,25,Arsène Wenger,Runners-up to Manchester United
Arsenal,87,2001-2002,1,87,79,36,43,Arsène Wenger,Premier League Champions & FA Cup Double
Manchester United,83,2002-2003,2,78,85,42,43,Arsène Wenger,Runners-up to Manchester United
Arsenal,90,2003-2004,1,90,73,26,47,Arsène Wenger,Premier League Champions (The Invincibles)
Chelsea,95,2004-2005,2,83,87,36,51,Arsène Wenger,Runners-up to Chelsea
Chelsea,91,2005-2006,4,67,68,31,37,Arsène Wenger,Final season at Highbury
Manchester United,89,2006-2007,4,68,63,35,28,Arsène Wenger,First season at the Emirates Stadium
Manchester United,87,2007-2008,3,83,74,31,43,Arsène Wenger,Finished 4 points off the top
Manchester United,90,2008-2009,4,72,68,37,31,Arsène Wenger,Secured Champions League spot
Chelsea,86,2009-2010,3,75,83,41,42,Arsène Wenger,Third-place finish
Manchester United,80,2010-2011,4,68,72,43,29,Arsène Wenger,Fourth-place finish
Manchester City,89,2011-2012,3,70,74,49,25,Arsène Wenger,Robin van Persie wins Golden Boot (30 goals)
Manchester United,89,2012-2013,4,73,72,37,35,Arsène Wenger,Edged out Tottenham on final day for Top 4
Manchester City,86,2013-2014,4,79,68,41,27,Arsène Wenger,Ended 9-year trophy drought with FA Cup
Chelsea,87,2014-2015,3,75,71,36,35,Arsène Wenger,Retained the FA Cup
Leicester City,81,2015-2016,2,71,65,36,29,Arsène Wenger,Runners-up to Leicester City
Chelsea,93,2016-2017,5,75,77,44,33,Arsène Wenger,Missed Top 4 for first time under Wenger
Manchester City,100,2017-2018,6,63,74,51,23,Arsène Wenger,Arsène Wenger's final season
Manchester City,98,2018-2019,5,70,73,51,22,Unai Emery,Unai Emery's full season
Liverpool,99,2019-2020,8,56,56,48,8,Mikel Arteta,Arteta took over mid-season / Won FA Cup
Manchester City,86,2020-2021,8,61,55,39,16,Mikel Arteta,Second consecutive 8th-place finish
Manchester City,93,2021-2022,5,69,61,48,13,Mikel Arteta,Narrowly missed out on Champions League
Manchester City,89,2022-2023,2,84,88,43,45,Mikel Arteta,Runners-up to Manchester City
Manchester City,91,2023-2024,2,89,91,29,62,Mikel Arteta,Title race pushed to the final day
Liverpool,84,2024-2025,2,74,69,34,35,Mikel Arteta,Runners-up to Liverpool
Arsenal,85,2025-2026,1,85,71,27,44,Mikel Arteta,Premier League Champions (Arteta ends 22-year wait)
