CaseID,Date,Location,WaitMinutes
1,2026-09-03,Site B,16.4
2,2026-09-26,Site A,21.9
3,2026-09-26,Site A,19.8
4,2026-09-25,Site B,16.9
5,2026-09-29,Site B,18.0
6,2026-09-12,Site A,11.2
7,2026-09-17,Site B,12.7
8,2026-09-27,Site B,13.3
9,2026-09-06,Site A,8.2
10,2026-09-17,Site B,12.0
11,2026-09-08,Site A,15.4
12,2026-09-03,Site A,11.6
13,2026-09-10,Site A,17.1
14,2026-09-03,Site B,12.8
15,2026-09-18,Site B,13.9
16,2026-09-22,Site A,11.7
17,2026-09-10,Site B,11.7
18,2026-09-14,Site A,17.1
19,2026-09-24,Site B,11.9
20,2026-09-08,Site A,12.9
21,2026-09-11,Site B,18.1
22,2026-09-01,Site B,11.9
23,2026-09-21,Site A,11.1
24,2026-09-10,Site A,12.3
25,2026-09-27,Site B,16.6
26,2026-09-23,Site B,16.7
27,2026-09-16,Site B,12.7
28,2026-09-30,Site A,15.7
29,2026-09-18,Site B,12.2
30,2026-09-20,Site A,10.8
31,2026-09-18,Site B,15.5
32,2026-09-30,Site A,11.0
33,2026-09-26,Site B,15.1
34,2026-09-21,Site B,11.9
35,2026-09-15,Site B,13.2
36,2026-09-12,Site B,11.6
37,2026-09-17,Site A,13.4
38,2026-09-05,Site B,16.6
39,2026-09-13,Site B,14.3
40,2026-09-30,Site A,10.3
41,2026-09-13,Site B,13.6
42,2026-09-03,Site A,13.5
43,2026-09-08,Site B,12.8
44,2026-09-17,Site A,14.9
45,2026-09-16,Site B,18.2
46,2026-09-25,Site A,10.1
47,2026-09-09,Site B,12.7
48,2026-09-15,Site A,11.2
49,2026-09-29,Site A,13.2
50,2026-09-27,Site B,13.2
51,2026-09-20,Site B,12.7
52,2026-09-16,Site A,18.3
53,2026-09-01,Site B,16.5
54,2026-09-02,Site A,12.3
55,2026-09-09,Site B,19.2
56,2026-09-22,Site B,12.3
57,2026-09-27,Site A,14.0
58,2026-09-24,Site B,12.5
59,2026-09-16,Site B,12.0
60,2026-09-28,Site A,14.5
61,2026-09-26,Site A,17.7
62,2026-09-17,Site A,11.3
63,2026-09-06,Site B,12.8
64,2026-09-12,Site B,18.0
65,2026-09-03,Site A,18.8
66,2026-09-05,Site A,16.9
67,2026-09-28,Site A,15.2
68,2026-09-04,Site A,12.0
69,2026-09-05,Site B,10.9
70,2026-09-13,Site A,13.9
71,2026-09-04,Site A,11.0
72,2026-09-19,Site B,13.3
73,2026-09-18,Site B,12.6
74,2026-09-06,Site A,11.8
75,2026-09-08,Site A,19.1
76,2026-09-02,Site B,17.1
77,2026-09-25,Site B,13.5
78,2026-09-22,Site A,16.6
79,2026-09-27,Site A,9.7
80,2026-09-23,Site A,14.0
81,2026-09-16,Site A,12.9
82,2026-09-02,Site B,17.5
83,2026-09-07,Site B,13.9
84,2026-09-19,Site B,12.1
85,2026-09-22,Site B,15.6
86,2026-09-12,Site B,12.3
87,2026-09-10,Site B,12.0
88,2026-09-22,Site A,19.1
89,2026-09-24,Site A,12.3
90,2026-09-07,Site B,19.3
91,2026-09-09,Site A,14.8
92,2026-09-17,Site B,15.4
93,2026-09-05,Site A,8.9
94,2026-09-24,Site A,9.5
95,2026-09-20,Site A,11.5
96,2026-09-05,Site B,17.8
97,2026-09-30,Site A,10.2
98,2026-09-17,Site B,16.1
99,2026-09-22,Site B,12.4
100,2026-09-22,Site B,16.6
101,2026-09-09,Site A,15.8
102,2026-09-08,Site B,21.2
103,2026-09-07,Site B,14.4
104,2026-09-23,Site B,13.4
105,2026-09-22,Site A,15.3
106,2026-09-11,Site A,11.4
107,2026-09-21,Site B,13.6
108,2026-09-18,Site B,20.0
109,2026-09-16,Site B,16.3
110,2026-09-28,Site A,14.4
111,2026-09-19,Site B,17.0
112,2026-09-21,Site A,14.9
113,2026-09-30,Site B,12.5
114,2026-09-23,Site A,11.0
115,2026-09-24,Site A,21.3
116,2026-09-02,Site A,11.2
117,2026-09-22,Site A,14.5
118,2026-09-03,Site B,18.7
119,2026-09-21,Site B,11.7
120,2026-09-03,Site A,14.9
121,2026-09-04,Site A,18.0
122,2026-09-28,Site A,9.6
123,2026-09-25,Site A,9.7
124,2026-09-14,Site B,17.4
125,2026-09-16,Site A,19.8
126,2026-09-16,Site B,10.9
127,2026-09-24,Site B,12.0
128,2026-09-10,Site B,14.3
129,2026-09-16,Site B,12.3
130,2026-09-23,Site A,7.6
131,2026-09-27,Site B,16.3
132,2026-09-11,Site A,10.7
133,2026-09-10,Site B,13.1
134,2026-09-06,Site A,39.6
135,2026-09-02,Site B,13.6
136,2026-09-12,Site B,12.0
137,2026-09-07,Site A,14.5
138,2026-09-29,Site B,10.6
139,2026-09-21,Site B,17.7
140,2026-09-04,Site A,13.3
141,2026-09-10,Site B,16.5
142,2026-09-21,Site A,20.7
143,2026-09-19,Site B,17.1
144,2026-09-27,Site A,7.6
145,2026-09-25,Site B,16.5
146,2026-09-05,Site B,15.1
147,2026-09-30,Site B,15.7
148,2026-09-26,Site B,18.2
149,2026-09-23,Site A,13.6
150,2026-09-08,Site A,9.3
151,2026-09-19,Site A,16.4
152,2026-09-26,Site A,22.4
153,2026-09-20,Site A,14.7
154,2026-09-06,Site B,17.1
155,2026-09-17,Site B,13.3
156,2026-09-01,Site A,12.7
157,2026-09-20,Site B,16.1
158,2026-09-08,Site A,17.4
159,2026-09-28,Site B,12.7
160,2026-09-20,Site A,12.0
161,2026-09-04,Site A,12.6
162,2026-09-10,Site A,8.8
163,2026-09-25,Site B,16.6
164,2026-09-13,Site A,11.3
165,2026-09-02,Site B,15.1
166,2026-09-04,Site B,11.5
167,2026-09-18,Site A,15.8
168,2026-09-24,Site A,13.4
169,2026-09-06,Site A,13.5
170,2026-09-19,Site B,15.8
171,2026-09-01,Site A,18.8
172,2026-09-08,Site B,17.0
173,2026-09-07,Site A,14.7
174,2026-09-22,Site A,14.8
175,2026-09-20,Site B,13.3
176,2026-09-20,Site B,9.8
177,2026-09-02,Site B,17.2
178,2026-09-15,Site A,6.1
179,2026-09-12,Site A,9.9
180,2026-09-24,Site B,11.9
181,2026-09-26,Site B,14.2
182,2026-09-19,Site B,16.6
183,2026-09-27,Site B,12.1
184,2026-09-26,Site B,18.1
185,2026-09-26,Site B,16.4
186,2026-09-28,Site A,7.2
187,2026-09-25,Site B,15.0
188,2026-09-11,Site A,16.0
189,2026-09-06,Site A,18.3
190,2026-09-10,Site B,13.4
191,2026-09-03,Site A,12.4
192,2026-09-27,Site A,21.3
193,2026-09-11,Site A,11.8
194,2026-09-09,Site A,9.1
195,2026-09-21,Site A,21.2
196,2026-09-14,Site B,11.9
197,2026-09-06,Site B,17.3
198,2026-09-21,Site A,11.6
199,2026-09-24,Site B,11.7
200,2026-09-29,Site A,14.8
201,2026-09-23,Site B,14.0
202,2026-09-07,Site A,14.7
203,2026-09-24,Site B,16.9
204,2026-09-24,Site B,15.1
205,2026-09-16,Site A,15.0
206,2026-09-20,Site B,19.8
207,2026-09-27,Site B,18.7
208,2026-09-03,Site A,7.0
209,2026-09-03,Site A,37.9
210,2026-09-08,Site A,13.7
211,2026-09-19,Site A,10.6
212,2026-09-02,Site A,24.6
213,2026-09-24,Site A,21.7
214,2026-09-10,Site B,13.1
215,2026-09-15,Site A,15.4
216,2026-09-11,Site A,9.6
217,2026-09-21,Site B,16.3
218,2026-09-07,Site B,19.1
219,2026-09-30,Site B,11.4
220,2026-09-20,Site B,12.6
221,2026-09-21,Site B,12.9
222,2026-09-12,Site A,8.5
223,2026-09-06,Site B,12.7
224,2026-09-20,Site A,22.9
225,2026-09-25,Site A,15.0
226,2026-09-29,Site B,18.7
227,2026-09-01,Site B,12.0
228,2026-09-05,Site A,15.8
229,2026-09-05,Site A,18.6
230,2026-09-07,Site A,19.8
231,2026-09-10,Site B,11.1
232,2026-09-25,Site B,14.3
233,2026-09-28,Site B,14.0
234,2026-09-19,Site A,13.1
235,2026-09-27,Site B,17.3
236,2026-09-26,Site A,16.5
237,2026-09-04,Site B,14.5
238,2026-09-18,Site B,13.6
239,2026-09-07,Site A,13.1
240,2026-09-26,Site B,13.0
241,2026-09-13,Site B,10.8
242,2026-09-08,Site B,12.7
243,2026-09-12,Site A,14.7
244,2026-09-19,Site B,15.9
245,2026-09-19,Site B,12.0
246,2026-09-23,Site A,12.6
247,2026-09-02,Site A,16.1
248,2026-09-02,Site B,17.5
249,2026-09-10,Site B,19.2
250,2026-09-30,Site B,12.9
251,2026-09-19,Site B,18.6
252,2026-09-14,Site A,9.1
253,2026-09-03,Site B,15.8
254,2026-09-15,Site B,14.1
255,2026-09-07,Site B,19.2
256,2026-09-12,Site B,18.6
257,2026-09-06,Site A,16.4
258,2026-09-05,Site B,13.0
259,2026-09-21,Site B,11.5
260,2026-09-16,Site B,16.5
261,2026-09-14,Site A,33.2
262,2026-09-27,Site A,9.5
263,2026-09-17,Site B,13.6
264,2026-09-04,Site B,17.0
265,2026-09-09,Site B,12.1
266,2026-09-01,Site A,22.4
267,2026-09-28,Site B,18.2
268,2026-09-15,Site A,13.0
269,2026-09-17,Site B,12.0
270,2026-09-08,Site B,15.7
271,2026-09-17,Site B,17.1
272,2026-09-06,Site A,9.7
273,2026-09-04,Site B,18.3
274,2026-09-22,Site B,11.9
275,2026-09-17,Site A,9.9
276,2026-09-25,Site B,13.1
277,2026-09-13,Site A,9.5
278,2026-09-03,Site A,9.7
279,2026-09-10,Site A,17.4
280,2026-09-06,Site A,8.5
281,2026-09-20,Site B,12.8
282,2026-09-30,Site A,11.3
283,2026-09-13,Site B,16.8
284,2026-09-23,Site A,8.8
285,2026-09-19,Site A,16.1
286,2026-09-29,Site A,9.0
287,2026-09-12,Site B,17.9
288,2026-09-05,Site B,17.9
289,2026-09-30,Site B,15.4
290,2026-09-19,Site A,13.3
291,2026-09-11,Site B,14.7
292,2026-09-03,Site B,12.1
293,2026-09-26,Site B,17.0
294,2026-09-25,Site A,23.8
295,2026-09-02,Site A,20.6
296,2026-09-26,Site B,13.5
297,2026-09-11,Site A,13.8
298,2026-09-08,Site B,16.5
299,2026-09-22,Site A,12.6
300,2026-09-21,Site B,17.9
301,2026-09-15,Site B,18.2
302,2026-09-24,Site A,10.1
303,2026-09-03,Site B,10.8
304,2026-09-07,Site B,12.2
305,2026-09-30,Site B,19.2
306,2026-09-24,Site B,11.9
307,2026-09-09,Site A,10.7
308,2026-09-07,Site B,17.5
309,2026-09-30,Site A,7.6
310,2026-09-10,Site B,12.2
311,2026-09-15,Site A,19.4
312,2026-09-24,Site A,31.9
313,2026-09-02,Site B,18.3
314,2026-09-07,Site B,17.6
315,2026-09-24,Site A,10.9
316,2026-09-17,Site B,18.0
317,2026-09-03,Site B,16.6
318,2026-09-22,Site B,16.5
319,2026-09-29,Site A,6.4
320,2026-09-03,Site B,11.9
321,2026-09-17,Site A,11.4
322,2026-09-01,Site B,19.5
323,2026-09-02,Site A,11.4
324,2026-09-05,Site A,11.9
325,2026-09-26,Site B,17.4
326,2026-09-28,Site B,13.0
327,2026-09-28,Site A,18.4
328,2026-09-20,Site A,15.6
329,2026-09-29,Site B,14.1
330,2026-09-17,Site B,19.4
331,2026-09-02,Site B,17.1
332,2026-09-15,Site B,12.2
333,2026-09-10,Site B,13.8
334,2026-09-25,Site A,19.7
335,2026-09-13,Site A,22.4
336,2026-09-07,Site B,13.4
337,2026-09-25,Site B,11.6
338,2026-09-10,Site A,27.0
339,2026-09-28,Site A,25.0
340,2026-09-26,Site A,19.1
341,2026-09-06,Site A,32.7
342,2026-09-07,Site A,20.8
343,2026-09-01,Site B,12.4
344,2026-09-17,Site A,18.8
345,2026-09-03,Site A,13.2
346,2026-09-02,Site B,12.8
347,2026-09-11,Site A,10.7
348,2026-09-19,Site B,17.9
349,2026-09-01,Site A,17.0
350,2026-09-08,Site B,16.2
351,2026-09-13,Site A,6.8
352,2026-09-12,Site A,20.7
353,2026-09-10,Site A,8.1
354,2026-09-01,Site A,17.8
355,2026-09-01,Site B,15.5
356,2026-09-09,Site A,15.0
357,2026-09-16,Site B,18.1
358,2026-09-20,Site B,17.5
359,2026-09-26,Site A,11.1
360,2026-09-14,Site A,15.5
361,2026-09-14,Site B,17.9
362,2026-09-01,Site A,9.2
363,2026-09-08,Site A,9.2
364,2026-09-07,Site B,12.7
365,2026-09-11,Site A,17.3
366,2026-09-06,Site B,16.2
367,2026-09-18,Site A,19.8
368,2026-09-10,Site B,16.5
369,2026-09-29,Site A,16.7
370,2026-09-01,Site A,12.6
371,2026-09-16,Site B,17.5
372,2026-09-18,Site B,13.9
373,2026-09-11,Site B,18.0
374,2026-09-22,Site A,12.6
375,2026-09-21,Site B,20.3
376,2026-09-19,Site A,7.3
377,2026-09-16,Site A,8.9
378,2026-09-30,Site A,10.8
379,2026-09-16,Site A,13.1
380,2026-09-28,Site B,18.5
381,2026-09-24,Site A,19.5
382,2026-09-06,Site A,14.8
383,2026-09-12,Site B,16.9
384,2026-09-05,Site B,13.5
385,2026-09-19,Site B,12.3
386,2026-09-06,Site A,9.8
387,2026-09-10,Site B,16.3
388,2026-09-11,Site B,13.9
389,2026-09-01,Site B,12.0
390,2026-09-18,Site B,19.9
391,2026-09-07,Site B,17.2
392,2026-09-25,Site B,15.3
393,2026-09-08,Site B,12.0
394,2026-09-20,Site B,13.1
395,2026-09-10,Site A,18.0
396,2026-09-30,Site B,12.0
397,2026-09-29,Site B,12.8
398,2026-09-22,Site B,10.7
399,2026-09-27,Site A,13.4
400,2026-09-18,Site A,23.5
401,2026-09-07,Site A,19.1
402,2026-09-10,Site A,13.2
403,2026-09-27,Site A,19.6
404,2026-09-22,Site A,18.8
405,2026-09-07,Site B,11.0
406,2026-09-04,Site B,11.3
407,2026-09-05,Site B,14.0
408,2026-09-16,Site B,16.0
409,2026-09-06,Site B,11.2
410,2026-09-20,Site A,11.5
411,2026-09-05,Site A,14.6
412,2026-09-29,Site B,13.6
413,2026-09-18,Site B,13.0
414,2026-09-02,Site B,19.3
415,2026-09-23,Site B,11.6
416,2026-09-30,Site A,11.8
417,2026-09-27,Site B,11.7
418,2026-09-23,Site B,18.4
419,2026-09-26,Site A,23.1
420,2026-09-12,Site A,11.0
421,2026-09-24,Site B,12.9
422,2026-09-30,Site A,17.3
423,2026-09-07,Site A,14.8
424,2026-09-19,Site A,11.1
425,2026-09-09,Site B,15.7
426,2026-09-15,Site B,17.0
427,2026-09-21,Site B,18.1
428,2026-09-11,Site A,18.4
429,2026-09-10,Site B,16.7
430,2026-09-29,Site A,13.6
431,2026-09-02,Site A,16.6
432,2026-09-22,Site B,18.3
433,2026-09-10,Site A,15.9
434,2026-09-03,Site A,9.0
435,2026-09-05,Site B,15.3
436,2026-09-04,Site A,11.0
437,2026-09-17,Site B,16.5
438,2026-09-20,Site A,13.4
439,2026-09-20,Site B,12.2
440,2026-09-13,Site B,16.6
441,2026-09-08,Site A,14.1
442,2026-09-18,Site B,17.3
443,2026-09-28,Site A,11.3
444,2026-09-23,Site A,15.2
445,2026-09-30,Site A,10.8
446,2026-09-30,Site B,13.8
447,2026-09-22,Site A,14.8
448,2026-09-04,Site A,11.7
449,2026-09-23,Site A,18.2
450,2026-09-30,Site B,15.5
451,2026-09-03,Site A,12.5
452,2026-09-14,Site B,14.1
453,2026-09-02,Site B,16.4
454,2026-09-21,Site A,10.3
455,2026-09-26,Site A,17.0
456,2026-09-06,Site B,11.4
457,2026-09-30,Site A,21.7
458,2026-09-11,Site B,16.7
459,2026-09-16,Site A,18.9
460,2026-09-04,Site B,13.7
461,2026-09-22,Site A,14.3
462,2026-09-01,Site B,12.3
463,2026-09-05,Site A,12.3
464,2026-09-14,Site A,27.7
465,2026-09-26,Site A,12.3
466,2026-09-21,Site B,13.5
467,2026-09-23,Site A,21.4
468,2026-09-22,Site A,14.5
469,2026-09-19,Site B,16.8
470,2026-09-11,Site A,5.7
471,2026-09-04,Site A,16.7
472,2026-09-29,Site A,10.0
473,2026-09-13,Site A,13.5
474,2026-09-22,Site A,10.6
475,2026-09-10,Site A,20.6
476,2026-09-03,Site B,12.1
477,2026-09-09,Site B,16.4
478,2026-09-14,Site B,18.1
479,2026-09-02,Site B,12.7
480,2026-09-23,Site A,16.1
481,2026-09-13,Site A,10.1
482,2026-09-27,Site A,13.7
483,2026-09-04,Site A,11.6
484,2026-09-27,Site B,13.6
485,2026-09-06,Site B,17.6
486,2026-09-01,Site A,12.9
487,2026-09-03,Site B,12.9
488,2026-09-17,Site A,12.2
489,2026-09-20,Site A,15.9
490,2026-09-25,Site A,9.3
491,2026-09-28,Site A,19.0
492,2026-09-08,Site B,13.1
493,2026-09-05,Site A,13.1
494,2026-09-23,Site B,13.1
495,2026-09-17,Site A,19.2
496,2026-09-05,Site A,16.6
497,2026-09-11,Site B,17.4
498,2026-09-29,Site A,13.3
499,2026-09-19,Site A,14.1
500,2026-09-28,Site A,15.6
501,2026-09-26,Site B,13.1
502,2026-09-16,Site B,12.8
503,2026-09-05,Site A,9.8
504,2026-09-02,Site A,15.8
505,2026-09-03,Site A,9.8
506,2026-09-10,Site A,23.0
507,2026-09-26,Site B,12.1
508,2026-09-07,Site B,10.9
509,2026-09-12,Site B,13.0
510,2026-09-08,Site A,21.6
511,2026-09-11,Site B,13.2
512,2026-09-14,Site B,16.3
513,2026-09-02,Site A,10.7
514,2026-09-16,Site A,14.0
515,2026-09-24,Site A,10.2
516,2026-09-10,Site B,14.7
517,2026-09-24,Site B,11.7
518,2026-09-17,Site A,12.9
519,2026-09-11,Site B,13.0
520,2026-09-12,Site B,13.3
521,2026-09-13,Site A,17.8
522,2026-09-20,Site A,7.0
523,2026-09-05,Site A,14.3
524,2026-09-10,Site B,13.9
525,2026-09-09,Site A,11.4
526,2026-09-04,Site B,13.3
527,2026-09-18,Site A,18.9
528,2026-09-15,Site B,18.5
529,2026-09-18,Site A,12.7
530,2026-09-25,Site A,15.4
531,2026-09-30,Site A,4.9
532,2026-09-22,Site A,16.5
533,2026-09-06,Site A,5.7
534,2026-09-19,Site B,13.4
535,2026-09-06,Site B,11.2
536,2026-09-16,Site A,10.7
537,2026-09-04,Site B,18.3
538,2026-09-19,Site B,13.7
539,2026-09-30,Site B,16.6
540,2026-09-20,Site B,14.1
541,2026-09-18,Site B,12.4
542,2026-09-27,Site A,16.2
543,2026-09-10,Site A,9.6
544,2026-09-24,Site A,21.9
545,2026-09-01,Site A,14.3
546,2026-09-05,Site A,13.0
547,2026-09-28,Site A,12.3
548,2026-09-11,Site A,10.7
549,2026-09-29,Site A,6.3
550,2026-09-08,Site A,16.5
551,2026-09-24,Site B,10.8
552,2026-09-17,Site B,14.0
553,2026-09-01,Site A,15.9
554,2026-09-03,Site B,10.2
555,2026-09-12,Site A,12.9
556,2026-09-28,Site A,16.0
557,2026-09-14,Site B,14.1
558,2026-09-26,Site B,15.0
559,2026-09-19,Site B,18.1
560,2026-09-13,Site A,9.1
561,2026-09-06,Site B,13.3
562,2026-09-08,Site B,13.3
563,2026-09-20,Site A,16.5
564,2026-09-25,Site B,17.2
565,2026-09-13,Site B,17.0
566,2026-09-01,Site A,13.9
567,2026-09-27,Site B,11.6
568,2026-09-05,Site B,18.7
569,2026-09-12,Site A,10.6
570,2026-09-22,Site A,10.2
571,2026-09-08,Site B,17.7
572,2026-09-16,Site A,23.1
573,2026-09-02,Site B,12.1
574,2026-09-13,Site A,8.1
575,2026-09-14,Site B,11.5
576,2026-09-07,Site B,13.3
577,2026-09-18,Site A,10.2
578,2026-09-10,Site A,22.5
579,2026-09-06,Site A,28.9
580,2026-09-21,Site B,10.4
581,2026-09-17,Site B,12.5
582,2026-09-23,Site A,12.7
583,2026-09-28,Site B,17.3
584,2026-09-22,Site B,19.3
585,2026-09-10,Site B,12.3
586,2026-09-10,Site A,10.1
587,2026-09-13,Site A,34.4
588,2026-09-04,Site A,17.0
589,2026-09-10,Site B,11.7
590,2026-09-11,Site B,17.6
591,2026-09-11,Site A,16.9
592,2026-09-18,Site B,18.5
593,2026-09-12,Site B,12.9
594,2026-09-05,Site A,8.6
595,2026-09-21,Site A,12.4
596,2026-09-22,Site A,10.7
597,2026-09-29,Site A,21.6
598,2026-09-20,Site A,12.6
599,2026-09-04,Site A,12.0
600,2026-09-11,Site A,16.3
601,2026-09-07,Site A,11.9
602,2026-09-07,Site B,13.9
603,2026-09-10,Site B,11.0
604,2026-09-25,Site B,12.1
605,2026-09-27,Site A,9.7
606,2026-09-17,Site B,11.0
607,2026-09-05,Site A,9.5
608,2026-09-09,Site A,13.7
609,2026-09-06,Site B,14.2
610,2026-09-14,Site B,12.2
611,2026-09-06,Site A,10.7
612,2026-09-14,Site A,22.2
613,2026-09-12,Site B,16.2
614,2026-09-07,Site B,12.3
615,2026-09-15,Site B,18.6
616,2026-09-10,Site B,11.9
617,2026-09-19,Site A,16.1
618,2026-09-18,Site A,14.5
619,2026-09-12,Site A,8.8
620,2026-09-01,Site B,19.3
621,2026-09-18,Site B,12.5
622,2026-09-18,Site B,17.4
623,2026-09-06,Site A,19.5
624,2026-09-13,Site A,16.1
625,2026-09-18,Site A,12.5
626,2026-09-25,Site B,12.0
627,2026-09-01,Site B,13.7
628,2026-09-02,Site B,10.9
629,2026-09-02,Site A,28.4
630,2026-09-11,Site A,31.3
631,2026-09-21,Site B,13.6
632,2026-09-12,Site B,12.7
633,2026-09-16,Site A,13.9
634,2026-09-06,Site A,11.5
635,2026-09-05,Site A,16.7
636,2026-09-15,Site B,13.6
637,2026-09-23,Site B,18.0
638,2026-09-21,Site B,19.3
639,2026-09-14,Site A,18.3
640,2026-09-26,Site B,18.0
641,2026-09-01,Site B,12.5
642,2026-09-20,Site B,16.9
643,2026-09-21,Site A,14.2
644,2026-09-28,Site A,9.5
645,2026-09-28,Site B,13.8
646,2026-09-16,Site A,11.3
647,2026-09-22,Site A,7.1
648,2026-09-09,Site A,11.6
649,2026-09-14,Site B,15.2
650,2026-09-28,Site B,12.6
651,2026-09-28,Site B,12.3
652,2026-09-06,Site A,25.1
653,2026-09-12,Site B,16.8
654,2026-09-03,Site B,17.3
655,2026-09-05,Site A,16.3
656,2026-09-22,Site B,16.5
657,2026-09-18,Site A,13.3
658,2026-09-30,Site A,14.0
659,2026-09-09,Site A,12.2
660,2026-09-07,Site A,14.6
661,2026-09-04,Site B,18.1
662,2026-09-05,Site B,13.4
663,2026-09-05,Site B,13.4
664,2026-09-14,Site B,12.6
665,2026-09-28,Site A,12.4
666,2026-09-16,Site A,14.2
667,2026-09-26,Site A,23.3
668,2026-09-24,Site B,13.7
669,2026-09-11,Site A,17.1
670,2026-09-03,Site A,21.6
671,2026-09-23,Site B,15.7
672,2026-09-24,Site A,12.8
673,2026-09-02,Site A,9.6
674,2026-09-27,Site B,18.4
675,2026-09-05,Site A,10.3
676,2026-09-16,Site B,11.2
677,2026-09-20,Site A,15.6
678,2026-09-26,Site A,14.0
679,2026-09-16,Site A,18.4
680,2026-09-22,Site A,13.7
681,2026-09-28,Site B,16.2
682,2026-09-26,Site B,17.4
683,2026-09-27,Site B,13.3
684,2026-09-20,Site B,12.5
685,2026-09-17,Site B,19.2
686,2026-09-07,Site B,10.2
687,2026-09-07,Site A,10.3
688,2026-09-27,Site B,17.5
689,2026-09-11,Site B,12.0
690,2026-09-06,Site B,16.0
691,2026-09-05,Site B,15.4
692,2026-09-24,Site A,8.9
693,2026-09-05,Site B,15.3
694,2026-09-07,Site B,11.7
695,2026-09-09,Site A,15.1
696,2026-09-22,Site B,10.6
697,2026-09-19,Site A,15.8
698,2026-09-20,Site A,7.6
699,2026-09-13,Site A,13.7
700,2026-09-10,Site A,15.0
701,2026-09-23,Site B,16.6
702,2026-09-18,Site A,28.1
703,2026-09-26,Site A,20.4
704,2026-09-20,Site B,9.7
705,2026-09-17,Site A,10.0
706,2026-09-04,Site B,16.4
707,2026-09-11,Site A,14.0
708,2026-09-24,Site A,11.6
709,2026-09-29,Site B,11.4
710,2026-09-02,Site A,23.5
711,2026-09-15,Site B,10.8
712,2026-09-24,Site A,17.6
713,2026-09-16,Site A,18.9
714,2026-09-03,Site A,24.6
715,2026-09-30,Site A,9.7
716,2026-09-25,Site A,11.6
717,2026-09-01,Site B,11.2
718,2026-09-22,Site A,9.6
719,2026-09-09,Site B,19.4
720,2026-09-29,Site A,24.3
721,2026-09-08,Site B,19.8
722,2026-09-14,Site B,12.7
723,2026-09-07,Site B,14.5
724,2026-09-07,Site B,16.0
725,2026-09-15,Site A,18.5
726,2026-09-15,Site A,13.3
727,2026-09-22,Site B,11.3
728,2026-09-22,Site B,15.5
729,2026-09-20,Site B,14.2
730,2026-09-26,Site B,11.2
731,2026-09-15,Site A,12.4
732,2026-09-10,Site B,16.4
733,2026-09-17,Site A,11.2
734,2026-09-12,Site B,17.3
735,2026-09-04,Site A,17.0
736,2026-09-22,Site A,19.1
737,2026-09-01,Site A,9.8
738,2026-09-24,Site B,11.4
739,2026-09-26,Site B,12.0
740,2026-09-11,Site A,13.6
741,2026-09-13,Site B,17.5
742,2026-09-18,Site B,11.8
743,2026-09-23,Site B,16.6
744,2026-09-28,Site B,18.0
745,2026-09-11,Site B,18.6
746,2026-09-11,Site A,15.6
747,2026-09-19,Site A,13.3
748,2026-09-16,Site A,16.2
749,2026-09-22,Site B,16.4
750,2026-09-17,Site B,12.2
751,2026-09-09,Site B,16.5
752,2026-09-26,Site B,17.4
753,2026-09-23,Site B,18.3
754,2026-09-02,Site B,19.4
755,2026-09-19,Site A,23.9
756,2026-09-07,Site B,12.8
757,2026-09-20,Site A,15.6
758,2026-09-16,Site A,14.4
759,2026-09-09,Site B,17.8
760,2026-09-27,Site A,11.9
761,2026-09-02,Site B,12.0
762,2026-09-17,Site B,13.1
763,2026-09-22,Site B,19.4
764,2026-09-26,Site A,20.5
765,2026-09-03,Site B,18.4
766,2026-09-05,Site A,15.2
767,2026-09-11,Site A,8.6
768,2026-09-24,Site A,14.9
769,2026-09-30,Site B,13.4
770,2026-09-17,Site A,9.2
771,2026-09-09,Site B,16.5
772,2026-09-30,Site B,18.7
773,2026-09-17,Site A,13.0
774,2026-09-18,Site A,16.5
775,2026-09-20,Site B,17.0
776,2026-09-23,Site A,11.8
777,2026-09-09,Site A,11.1
778,2026-09-13,Site B,12.2
779,2026-09-13,Site B,19.2
780,2026-09-27,Site B,16.9
781,2026-09-07,Site A,19.5
782,2026-09-03,Site B,12.5
783,2026-09-18,Site A,24.2
784,2026-09-15,Site A,9.5
785,2026-09-01,Site B,11.6
786,2026-09-21,Site A,9.4
787,2026-09-18,Site A,9.8
788,2026-09-18,Site A,9.0
789,2026-09-03,Site B,17.2
790,2026-09-21,Site A,16.7
791,2026-09-12,Site A,19.7
792,2026-09-01,Site B,12.0
793,2026-09-18,Site A,14.7
794,2026-09-08,Site B,16.3
795,2026-09-29,Site A,13.7
796,2026-09-23,Site A,16.3
797,2026-09-07,Site B,16.3
798,2026-09-15,Site B,12.3
799,2026-09-27,Site B,16.1
800,2026-09-17,Site A,12.5
801,2026-09-19,Site A,31.4
802,2026-09-19,Site B,17.4
803,2026-09-21,Site A,12.3
804,2026-09-15,Site A,19.4
805,2026-09-16,Site A,29.2
806,2026-09-07,Site B,17.2
807,2026-09-16,Site A,11.0
808,2026-09-23,Site B,12.7
809,2026-09-18,Site A,26.1
810,2026-09-25,Site A,22.8
811,2026-09-25,Site B,19.3
812,2026-09-11,Site B,12.7
813,2026-09-19,Site A,20.1
814,2026-09-24,Site A,14.0
815,2026-09-05,Site A,9.6
816,2026-09-21,Site A,11.6
817,2026-09-08,Site B,16.6
818,2026-09-11,Site A,9.1
819,2026-09-09,Site A,14.0
820,2026-09-09,Site A,10.6
821,2026-09-14,Site A,12.1
822,2026-09-14,Site A,17.8
823,2026-09-05,Site A,11.5
824,2026-09-14,Site A,5.7
825,2026-09-09,Site A,8.4
826,2026-09-19,Site B,12.3
827,2026-09-30,Site A,20.7
828,2026-09-07,Site B,15.5
829,2026-09-07,Site B,14.2
830,2026-09-23,Site A,9.6
831,2026-09-06,Site A,15.0
832,2026-09-15,Site A,14.3
833,2026-09-11,Site B,10.5
834,2026-09-02,Site B,19.1
835,2026-09-12,Site B,19.0
836,2026-09-27,Site A,15.5
837,2026-09-13,Site B,11.7
838,2026-09-18,Site B,11.5
839,2026-09-22,Site B,15.5
840,2026-09-16,Site B,15.2
841,2026-09-03,Site B,18.3
842,2026-09-12,Site B,17.1
843,2026-09-29,Site A,12.3
844,2026-09-21,Site A,19.8
845,2026-09-05,Site B,11.2
846,2026-09-06,Site A,14.3
847,2026-09-29,Site A,12.7
848,2026-09-10,Site A,13.8
849,2026-09-05,Site A,11.0
850,2026-09-07,Site B,14.1
851,2026-09-09,Site A,20.1
852,2026-09-24,Site B,12.9
853,2026-09-10,Site B,12.3
854,2026-09-02,Site A,11.7
855,2026-09-12,Site A,11.2
856,2026-09-11,Site A,18.5
857,2026-09-22,Site B,12.4
858,2026-09-25,Site B,12.1
859,2026-09-25,Site A,9.1
860,2026-09-01,Site B,12.9
861,2026-09-04,Site A,11.0
862,2026-09-17,Site B,18.8
863,2026-09-11,Site A,11.0
864,2026-09-26,Site B,18.4
865,2026-09-20,Site A,9.2
866,2026-09-18,Site A,17.9
867,2026-09-19,Site A,14.6
868,2026-09-24,Site B,18.0
869,2026-09-05,Site A,17.2
870,2026-09-05,Site A,8.7
871,2026-09-02,Site A,23.2
872,2026-09-23,Site B,11.0
873,2026-09-16,Site B,11.5
874,2026-09-04,Site B,17.6
875,2026-09-29,Site B,13.5
876,2026-09-10,Site B,17.3
877,2026-09-16,Site B,17.5
878,2026-09-04,Site A,8.8
879,2026-09-19,Site B,12.8
880,2026-09-06,Site A,8.2
881,2026-09-14,Site B,10.8
882,2026-09-08,Site A,21.7
883,2026-09-03,Site A,15.2
884,2026-09-29,Site A,22.2
885,2026-09-06,Site A,10.4
886,2026-09-14,Site A,16.9
887,2026-09-09,Site B,16.3
888,2026-09-29,Site B,18.1
889,2026-09-05,Site A,10.7
890,2026-09-25,Site B,12.4
891,2026-09-06,Site B,14.2
892,2026-09-08,Site B,14.3
893,2026-09-09,Site A,13.0
894,2026-09-06,Site A,16.0
895,2026-09-02,Site B,19.8
896,2026-09-11,Site B,12.1
897,2026-09-13,Site B,11.5
898,2026-09-18,Site A,11.8
899,2026-09-09,Site A,15.2
900,2026-09-05,Site B,17.8
901,2026-09-14,Site B,17.9
902,2026-09-23,Site B,13.2
903,2026-09-11,Site B,13.6
904,2026-09-19,Site A,12.5
905,2026-09-02,Site A,6.0
906,2026-09-22,Site B,17.7
907,2026-09-27,Site A,16.6
908,2026-09-08,Site B,19.7
909,2026-09-09,Site B,18.3
910,2026-09-06,Site A,15.1
911,2026-09-13,Site A,17.2
912,2026-09-17,Site A,20.7
913,2026-09-16,Site A,14.3
914,2026-09-10,Site A,11.5
915,2026-09-29,Site B,13.8
916,2026-09-13,Site A,11.3
917,2026-09-06,Site A,14.5
918,2026-09-02,Site B,11.4
919,2026-09-04,Site B,17.9
920,2026-09-15,Site A,21.3
921,2026-09-06,Site B,13.5
922,2026-09-03,Site A,16.1
923,2026-09-26,Site A,10.7
924,2026-09-08,Site B,16.3
925,2026-09-03,Site A,8.0
926,2026-09-10,Site A,16.0
927,2026-09-23,Site B,17.5
928,2026-09-01,Site B,19.0
929,2026-09-17,Site B,12.6
930,2026-09-08,Site A,13.6
931,2026-09-12,Site A,14.9
932,2026-09-28,Site B,11.2
933,2026-09-19,Site A,10.3
934,2026-09-13,Site B,13.0
935,2026-09-21,Site A,14.0
936,2026-09-01,Site B,11.5
937,2026-09-13,Site A,12.4
938,2026-09-15,Site A,13.5
939,2026-09-06,Site B,17.4
940,2026-09-22,Site B,18.7
941,2026-09-24,Site B,13.6
942,2026-09-04,Site A,14.8
943,2026-09-21,Site A,34.2
944,2026-09-01,Site B,14.4
945,2026-09-11,Site A,16.7
946,2026-09-30,Site B,13.0
947,2026-09-01,Site B,11.4
948,2026-09-06,Site B,13.6
949,2026-09-11,Site B,16.9
950,2026-09-14,Site A,19.1
951,2026-09-19,Site A,15.7
952,2026-09-12,Site B,16.8
953,2026-09-24,Site B,11.7
954,2026-09-25,Site A,23.0
955,2026-09-19,Site A,22.4
956,2026-09-14,Site B,17.4
957,2026-09-06,Site B,12.3
958,2026-09-13,Site B,18.0
959,2026-09-16,Site A,12.0
960,2026-09-30,Site B,19.4
961,2026-09-06,Site A,27.0
962,2026-09-18,Site B,17.6
963,2026-09-29,Site A,11.8
964,2026-09-22,Site B,17.4
965,2026-09-02,Site A,10.9
966,2026-09-27,Site B,14.2
967,2026-09-07,Site A,27.9
968,2026-09-12,Site A,17.7
969,2026-09-16,Site B,12.6
970,2026-09-21,Site B,12.6
971,2026-09-17,Site A,15.3
972,2026-09-11,Site A,11.8
973,2026-09-20,Site B,13.5
974,2026-09-19,Site B,17.4
975,2026-09-07,Site A,13.2
976,2026-09-17,Site B,11.4
977,2026-09-22,Site A,10.4
978,2026-09-20,Site B,17.3
979,2026-09-10,Site A,10.0
980,2026-09-20,Site B,19.0
981,2026-09-07,Site B,11.6
982,2026-09-06,Site B,17.9
983,2026-09-22,Site A,16.4
984,2026-09-15,Site B,18.6
985,2026-09-28,Site B,19.8
986,2026-09-18,Site A,11.4
987,2026-09-05,Site A,15.0
988,2026-09-14,Site A,13.6
989,2026-09-07,Site B,11.0
990,2026-09-24,Site A,12.4
991,2026-09-14,Site A,9.7
992,2026-09-12,Site B,16.3
993,2026-09-02,Site B,17.1
994,2026-09-22,Site A,11.9
995,2026-09-30,Site A,10.1
996,2026-09-24,Site A,15.1
997,2026-09-22,Site A,23.7
998,2026-09-03,Site B,18.1
999,2026-09-29,Site B,15.9
1000,2026-09-10,Site B,16.1
1001,2026-09-30,Site A,15.0
1002,2026-09-21,Site B,12.4
1003,2026-09-10,Site B,19.3
1004,2026-09-19,Site B,13.5
1005,2026-09-23,Site A,14.0
1006,2026-09-17,Site A,11.5
1007,2026-09-04,Site B,12.8
1008,2026-09-05,Site B,19.0
1009,2026-09-20,Site B,13.6
1010,2026-09-13,Site A,11.3
1011,2026-09-19,Site B,20.3
1012,2026-09-02,Site A,10.5
1013,2026-09-11,Site A,14.0
1014,2026-09-12,Site A,12.8
1015,2026-09-27,Site B,10.8
1016,2026-09-08,Site B,13.6
1017,2026-09-08,Site A,20.2
1018,2026-09-25,Site A,8.7
1019,2026-09-24,Site B,13.0
1020,2026-09-08,Site B,16.5
1021,2026-09-07,Site B,18.9
1022,2026-09-21,Site B,12.8
1023,2026-09-10,Site A,15.3
1024,2026-09-08,Site A,42.4
1025,2026-09-05,Site B,18.7
1026,2026-09-29,Site A,12.7
1027,2026-09-29,Site A,17.2
1028,2026-09-27,Site A,13.8
1029,2026-09-13,Site A,8.4
1030,2026-09-22,Site B,10.4
1031,2026-09-30,Site B,11.8
1032,2026-09-19,Site B,20.2
1033,2026-09-13,Site B,13.0
1034,2026-09-23,Site B,17.3
1035,2026-09-22,Site B,17.2
1036,2026-09-07,Site A,10.9
1037,2026-09-18,Site A,15.6
1038,2026-09-15,Site B,12.4
1039,2026-09-22,Site A,11.1
1040,2026-09-17,Site B,13.2
1041,2026-09-13,Site A,12.7
1042,2026-09-08,Site A,16.0
1043,2026-09-16,Site B,12.6
1044,2026-09-08,Site A,14.8
1045,2026-09-22,Site A,11.1
1046,2026-09-19,Site A,13.1
1047,2026-09-06,Site B,13.3
1048,2026-09-16,Site A,10.9
1049,2026-09-21,Site B,11.9
1050,2026-09-18,Site A,11.9
1051,2026-09-24,Site A,14.1
1052,2026-09-27,Site A,11.5
1053,2026-09-06,Site B,16.5
1054,2026-09-23,Site A,14.0
1055,2026-09-15,Site B,16.9
1056,2026-09-23,Site A,10.8
1057,2026-09-18,Site B,16.7
1058,2026-09-12,Site B,19.2
1059,2026-09-14,Site A,10.2
1060,2026-09-08,Site A,9.1
1061,2026-09-03,Site B,12.6
1062,2026-09-10,Site B,13.7
1063,2026-09-19,Site B,17.0
1064,2026-09-19,Site B,12.2
1065,2026-09-17,Site B,17.3
1066,2026-09-28,Site A,18.5
1067,2026-09-12,Site B,11.8
1068,2026-09-23,Site A,14.7
1069,2026-09-28,Site A,23.4
1070,2026-09-23,Site A,10.4
1071,2026-09-08,Site B,19.0
1072,2026-09-22,Site B,12.2
1073,2026-09-16,Site A,25.8
1074,2026-09-26,Site A,17.7
1075,2026-09-07,Site A,30.1
1076,2026-09-03,Site A,26.3
1077,2026-09-03,Site A,9.7
1078,2026-09-15,Site A,15.1
1079,2026-09-18,Site B,16.2
1080,2026-09-19,Site A,20.4
1081,2026-09-01,Site A,12.9
1082,2026-09-14,Site B,12.8
1083,2026-09-05,Site B,12.9
1084,2026-09-12,Site A,20.6
1085,2026-09-02,Site A,19.9
1086,2026-09-03,Site B,12.9
1087,2026-09-13,Site A,13.8
1088,2026-09-18,Site B,16.5
1089,2026-09-17,Site B,12.7
1090,2026-09-24,Site A,22.3
1091,2026-09-16,Site B,14.0
1092,2026-09-22,Site B,14.5
1093,2026-09-28,Site B,15.0
1094,2026-09-01,Site A,16.4
1095,2026-09-15,Site B,13.7
1096,2026-09-26,Site A,10.8
1097,2026-09-07,Site B,12.3
1098,2026-09-15,Site B,10.3
1099,2026-09-29,Site B,12.0
1100,2026-09-08,Site A,4.9
1101,2026-09-24,Site A,12.7
1102,2026-09-10,Site A,19.8
1103,2026-09-15,Site B,11.7
1104,2026-09-07,Site B,17.2
1105,2026-09-16,Site B,13.8
1106,2026-09-02,Site B,12.4
1107,2026-09-27,Site B,12.7
1108,2026-09-03,Site A,14.6
1109,2026-09-12,Site A,9.7
1110,2026-09-14,Site B,14.4
1111,2026-09-26,Site A,7.7
1112,2026-09-13,Site A,12.4
1113,2026-09-11,Site A,9.8
1114,2026-09-06,Site B,16.2
1115,2026-09-16,Site A,11.3
1116,2026-09-11,Site B,10.1
1117,2026-09-11,Site B,17.7
1118,2026-09-06,Site B,17.1
1119,2026-09-10,Site A,21.9
1120,2026-09-01,Site B,10.5
1121,2026-09-04,Site A,13.0
1122,2026-09-16,Site B,18.6
1123,2026-09-12,Site B,11.3
1124,2026-09-24,Site B,12.3
1125,2026-09-06,Site A,12.4
1126,2026-09-10,Site B,17.2
1127,2026-09-15,Site A,14.6
1128,2026-09-10,Site A,16.2
1129,2026-09-18,Site B,13.0
1130,2026-09-15,Site A,14.5
1131,2026-09-24,Site B,12.3
1132,2026-09-23,Site A,13.0
1133,2026-09-16,Site A,13.1
1134,2026-09-11,Site A,18.0
1135,2026-09-03,Site B,19.1
1136,2026-09-08,Site A,8.7
1137,2026-09-12,Site A,12.4
1138,2026-09-13,Site B,12.5
1139,2026-09-02,Site A,9.2
1140,2026-09-24,Site B,12.3
1141,2026-09-24,Site A,10.5
1142,2026-09-01,Site B,17.7
1143,2026-09-02,Site B,12.6
1144,2026-09-30,Site A,10.8
1145,2026-09-29,Site A,9.1
1146,2026-09-11,Site B,18.0
1147,2026-09-20,Site A,8.4
1148,2026-09-17,Site A,16.0
1149,2026-09-03,Site B,11.5
1150,2026-09-11,Site B,17.3
1151,2026-09-20,Site B,12.0
1152,2026-09-21,Site B,13.9
1153,2026-09-21,Site A,10.1
1154,2026-09-26,Site B,16.4
1155,2026-09-04,Site B,13.7
1156,2026-09-25,Site A,9.0
1157,2026-09-12,Site B,18.8
1158,2026-09-25,Site A,13.9
1159,2026-09-29,Site A,7.5
1160,2026-09-11,Site B,13.5
1161,2026-09-25,Site B,18.4
1162,2026-09-29,Site A,14.9
1163,2026-09-10,Site B,12.4
1164,2026-09-25,Site A,15.7
1165,2026-09-25,Site A,14.1
1166,2026-09-09,Site B,18.4
1167,2026-09-10,Site B,16.8
1168,2026-09-29,Site A,27.4
1169,2026-09-15,Site B,16.3
1170,2026-09-24,Site A,14.8
1171,2026-09-20,Site A,9.7
1172,2026-09-18,Site A,18.4
1173,2026-09-04,Site A,11.3
1174,2026-09-18,Site B,17.8
1175,2026-09-03,Site A,8.4
1176,2026-09-04,Site A,16.1
1177,2026-09-14,Site A,17.4
1178,2026-09-13,Site B,18.5
1179,2026-09-02,Site A,9.5
1180,2026-09-27,Site B,10.7
1181,2026-09-18,Site B,16.2
1182,2026-09-08,Site A,10.4
1183,2026-09-02,Site A,14.0
1184,2026-09-21,Site A,10.4
1185,2026-09-08,Site B,12.6
1186,2026-09-28,Site B,12.4
1187,2026-09-10,Site A,15.8
1188,2026-09-05,Site A,3.5
1189,2026-09-18,Site B,18.8
1190,2026-09-20,Site A,12.6
1191,2026-09-08,Site B,13.2
1192,2026-09-23,Site B,13.1
1193,2026-09-22,Site B,11.4
1194,2026-09-03,Site B,12.7
1195,2026-09-29,Site A,11.6
1196,2026-09-14,Site B,14.0
1197,2026-09-24,Site A,12.8
1198,2026-09-15,Site B,15.1
1199,2026-09-18,Site B,19.4
1200,2026-09-24,Site A,7.0
1201,2026-09-26,Site A,23.2
1202,2026-09-09,Site A,12.3
1203,2026-09-24,Site B,12.2
1204,2026-09-06,Site B,19.1
1205,2026-09-10,Site B,12.3
1206,2026-09-20,Site A,11.6
1207,2026-09-25,Site B,14.7
1208,2026-09-19,Site B,11.7
1209,2026-09-24,Site A,7.5
1210,2026-09-18,Site B,13.3
1211,2026-09-24,Site A,11.7
1212,2026-09-13,Site B,11.9
1213,2026-09-18,Site A,14.4
1214,2026-09-25,Site A,13.6
1215,2026-09-23,Site B,17.4
1216,2026-09-18,Site B,17.7
1217,2026-09-28,Site A,11.9
1218,2026-09-03,Site B,17.2
1219,2026-09-18,Site B,12.6
1220,2026-09-16,Site A,17.3
1221,2026-09-22,Site A,11.4
1222,2026-09-05,Site A,20.1
1223,2026-09-05,Site A,22.6
1224,2026-09-28,Site B,11.2
1225,2026-09-04,Site A,17.7
1226,2026-09-03,Site A,15.8
1227,2026-09-02,Site A,11.9
1228,2026-09-04,Site B,13.5
1229,2026-09-21,Site A,13.1
1230,2026-09-16,Site A,22.8
1231,2026-09-10,Site B,12.9
1232,2026-09-14,Site A,17.9
1233,2026-09-18,Site A,12.8
1234,2026-09-06,Site B,18.1
1235,2026-09-07,Site B,12.3
1236,2026-09-11,Site A,16.0
1237,2026-09-15,Site B,12.6
1238,2026-09-16,Site A,8.5
1239,2026-09-19,Site B,16.6
1240,2026-09-18,Site B,16.8
1241,2026-09-26,Site A,17.6
1242,2026-09-28,Site B,13.2
1243,2026-09-12,Site A,11.1
1244,2026-09-27,Site A,18.8
1245,2026-09-12,Site B,16.4
1246,2026-09-05,Site A,18.7
1247,2026-09-15,Site A,18.3
1248,2026-09-10,Site B,12.3
1249,2026-09-11,Site A,17.2
1250,2026-09-03,Site B,13.3
1251,2026-09-12,Site A,17.8
1252,2026-09-12,Site A,7.1
1253,2026-09-14,Site A,8.9
1254,2026-09-11,Site B,11.6
1255,2026-09-22,Site A,26.9
1256,2026-09-11,Site A,11.9
1257,2026-09-08,Site B,12.8
1258,2026-09-01,Site A,9.5
1259,2026-09-02,Site B,11.5
1260,2026-09-02,Site A,16.7
1261,2026-09-18,Site B,18.0
1262,2026-09-14,Site B,16.2
1263,2026-09-04,Site A,9.8
1264,2026-09-03,Site B,14.4
1265,2026-09-18,Site B,12.1
1266,2026-09-21,Site B,21.5
1267,2026-09-17,Site B,15.6
1268,2026-09-07,Site A,9.2
1269,2026-09-21,Site B,12.3
1270,2026-09-04,Site B,13.9
1271,2026-09-04,Site B,13.2
1272,2026-09-24,Site B,13.8
1273,2026-09-11,Site A,26.9
1274,2026-09-10,Site B,18.4
1275,2026-09-01,Site A,9.9
1276,2026-09-28,Site A,11.7
1277,2026-09-16,Site A,17.0
1278,2026-09-07,Site A,11.1
1279,2026-09-16,Site A,17.9
1280,2026-09-26,Site A,8.4
1281,2026-09-20,Site A,11.8
1282,2026-09-14,Site B,12.1
1283,2026-09-30,Site A,24.2
1284,2026-09-14,Site B,12.3
1285,2026-09-27,Site A,8.1
1286,2026-09-07,Site A,20.5
1287,2026-09-08,Site A,9.3
1288,2026-09-17,Site B,18.1
1289,2026-09-07,Site A,18.3
1290,2026-09-08,Site B,13.6
1291,2026-09-01,Site B,16.3
1292,2026-09-13,Site B,16.8
1293,2026-09-21,Site B,10.7
1294,2026-09-10,Site B,12.2
1295,2026-09-16,Site A,20.7
1296,2026-09-29,Site B,14.6
1297,2026-09-21,Site B,13.5
1298,2026-09-11,Site B,12.1
1299,2026-09-14,Site B,18.0
1300,2026-09-13,Site A,22.9
1301,2026-09-12,Site B,17.1
1302,2026-09-05,Site B,13.1
1303,2026-09-20,Site B,11.9
1304,2026-09-01,Site B,18.2
1305,2026-09-17,Site B,13.3
1306,2026-09-27,Site B,16.2
1307,2026-09-03,Site B,12.4
1308,2026-09-08,Site B,16.6
1309,2026-09-07,Site A,11.8
1310,2026-09-14,Site A,13.6
1311,2026-09-11,Site B,14.0
1312,2026-09-17,Site B,17.7
1313,2026-09-13,Site A,20.5
1314,2026-09-20,Site A,25.3
1315,2026-09-22,Site B,11.1
1316,2026-09-08,Site B,12.7
1317,2026-09-10,Site B,17.8
1318,2026-09-03,Site A,13.9
1319,2026-09-28,Site A,9.4
1320,2026-09-26,Site B,11.1
1321,2026-09-25,Site B,16.7
1322,2026-09-08,Site B,10.4
1323,2026-09-27,Site B,19.6
1324,2026-09-16,Site A,13.5
1325,2026-09-30,Site B,11.4
1326,2026-09-16,Site A,10.1
1327,2026-09-21,Site A,13.9
1328,2026-09-30,Site A,18.4
1329,2026-09-22,Site A,16.5
1330,2026-09-29,Site A,8.8
1331,2026-09-19,Site B,17.4
1332,2026-09-12,Site A,16.7
1333,2026-09-06,Site A,18.2
1334,2026-09-01,Site B,16.7
1335,2026-09-27,Site A,8.3
1336,2026-09-06,Site B,16.1
1337,2026-09-25,Site A,9.9
1338,2026-09-08,Site B,17.4
1339,2026-09-15,Site A,20.0
1340,2026-09-20,Site A,18.7
1341,2026-09-22,Site B,19.3
1342,2026-09-07,Site A,26.3
1343,2026-09-02,Site A,14.3
1344,2026-09-05,Site B,17.6
1345,2026-09-04,Site A,26.4
1346,2026-09-27,Site A,21.4
1347,2026-09-30,Site B,13.7
1348,2026-09-28,Site A,17.8
1349,2026-09-01,Site A,12.4
1350,2026-09-08,Site A,18.1
1351,2026-09-08,Site B,11.2
1352,2026-09-14,Site B,11.9
1353,2026-09-12,Site B,11.3
1354,2026-09-25,Site A,10.8
1355,2026-09-06,Site A,10.6
1356,2026-09-24,Site A,11.7
1357,2026-09-08,Site B,17.2
1358,2026-09-19,Site B,12.0
1359,2026-09-21,Site A,21.4
1360,2026-09-06,Site A,13.2
1361,2026-09-21,Site B,16.2
1362,2026-09-22,Site B,13.7
1363,2026-09-29,Site A,10.1
1364,2026-09-13,Site A,21.8
1365,2026-09-10,Site B,12.8
1366,2026-09-17,Site A,8.3
1367,2026-09-16,Site B,16.5
1368,2026-09-03,Site A,10.3
1369,2026-09-22,Site B,19.0
1370,2026-09-15,Site A,20.2
1371,2026-09-29,Site A,39.2
1372,2026-09-25,Site B,14.1
1373,2026-09-07,Site B,14.0
1374,2026-09-21,Site A,14.3
1375,2026-09-15,Site B,12.7
1376,2026-09-14,Site A,25.4
1377,2026-09-27,Site B,12.2
1378,2026-09-03,Site B,17.6
1379,2026-09-13,Site A,10.6
1380,2026-09-27,Site B,16.5
1381,2026-09-04,Site A,8.2
1382,2026-09-06,Site A,13.6
1383,2026-09-28,Site B,13.2
1384,2026-09-09,Site A,25.4
1385,2026-09-22,Site A,11.6
1386,2026-09-04,Site A,16.4
1387,2026-09-22,Site A,14.2
1388,2026-09-22,Site B,17.5
1389,2026-09-26,Site B,11.8
1390,2026-09-23,Site B,12.8
1391,2026-09-12,Site A,18.6
1392,2026-09-08,Site A,13.3
1393,2026-09-07,Site A,22.5
1394,2026-09-14,Site A,15.9
1395,2026-09-25,Site A,9.3
1396,2026-09-28,Site A,12.2
1397,2026-09-28,Site B,18.4
1398,2026-09-06,Site A,7.5
1399,2026-09-06,Site A,25.6
1400,2026-09-27,Site A,18.8
1401,2026-09-01,Site A,15.9
1402,2026-09-16,Site B,17.6
1403,2026-09-09,Site B,18.6
1404,2026-09-18,Site B,18.4
1405,2026-09-04,Site B,11.3
1406,2026-09-18,Site B,16.7
1407,2026-09-24,Site B,12.0
1408,2026-09-04,Site B,17.4
1409,2026-09-25,Site B,18.4
1410,2026-09-06,Site A,11.2
1411,2026-09-22,Site A,10.5
1412,2026-09-04,Site B,16.5
1413,2026-09-12,Site B,12.8
1414,2026-09-04,Site A,28.1
1415,2026-09-07,Site B,18.1
1416,2026-09-14,Site A,18.5
1417,2026-09-26,Site A,27.0
1418,2026-09-08,Site B,11.5
1419,2026-09-04,Site B,15.3
1420,2026-09-17,Site A,20.5
1421,2026-09-20,Site A,19.2
1422,2026-09-05,Site A,8.1
1423,2026-09-15,Site B,17.6
1424,2026-09-24,Site B,16.6
1425,2026-09-19,Site A,8.0
1426,2026-09-15,Site A,7.1
1427,2026-09-14,Site A,18.6
1428,2026-09-22,Site A,27.1
1429,2026-09-05,Site A,9.2
1430,2026-09-25,Site B,16.4
1431,2026-09-11,Site B,13.7
1432,2026-09-20,Site B,12.4
1433,2026-09-10,Site A,16.4
1434,2026-09-27,Site A,26.5
1435,2026-09-17,Site A,16.0
1436,2026-09-04,Site B,10.5
1437,2026-09-20,Site B,13.1
1438,2026-09-24,Site B,16.8
1439,2026-09-30,Site A,8.9
1440,2026-09-25,Site A,9.1
1441,2026-09-19,Site A,11.3
1442,2026-09-12,Site B,12.1
1443,2026-09-05,Site A,21.0
1444,2026-09-16,Site A,10.9
1445,2026-09-30,Site A,15.5
1446,2026-09-13,Site A,20.7
1447,2026-09-02,Site B,16.9
1448,2026-09-11,Site A,21.5
1449,2026-09-14,Site B,12.2
1450,2026-09-05,Site B,17.8
1451,2026-09-30,Site A,9.5
1452,2026-09-04,Site A,11.9
1453,2026-09-29,Site A,18.1
1454,2026-09-26,Site B,17.9
1455,2026-09-30,Site A,13.3
1456,2026-09-07,Site B,18.4
1457,2026-09-04,Site B,17.8
1458,2026-09-18,Site B,11.4
1459,2026-09-01,Site A,17.3
1460,2026-09-01,Site B,13.5
1461,2026-09-04,Site A,16.0
1462,2026-09-18,Site B,17.1
1463,2026-09-19,Site B,11.9
1464,2026-09-13,Site B,15.1
1465,2026-09-22,Site A,13.5
1466,2026-09-05,Site A,25.3
1467,2026-09-29,Site B,13.2
1468,2026-09-27,Site B,10.1
1469,2026-09-30,Site A,10.0
1470,2026-09-25,Site A,9.3
1471,2026-09-09,Site B,17.1
1472,2026-09-28,Site B,16.5
1473,2026-09-16,Site B,14.6
1474,2026-09-28,Site B,17.1
1475,2026-09-07,Site A,20.3
1476,2026-09-18,Site B,16.6
1477,2026-09-02,Site A,17.9
1478,2026-09-28,Site A,14.5
1479,2026-09-04,Site B,18.5
1480,2026-09-06,Site B,13.9
1481,2026-09-26,Site B,16.5
1482,2026-09-10,Site A,13.4
1483,2026-09-13,Site A,8.6
1484,2026-09-03,Site B,17.1
1485,2026-09-25,Site A,8.2
1486,2026-09-05,Site B,12.8
1487,2026-09-07,Site B,12.7
1488,2026-09-26,Site B,16.9
1489,2026-09-22,Site A,15.5
1490,2026-09-05,Site B,16.8
1491,2026-09-13,Site A,10.2
1492,2026-09-26,Site B,11.9
1493,2026-09-21,Site B,12.3
1494,2026-09-02,Site B,13.4
1495,2026-09-05,Site A,15.4
1496,2026-09-19,Site B,15.7
1497,2026-09-22,Site A,17.5
1498,2026-09-26,Site B,17.8
1499,2026-09-13,Site A,12.4
1500,2026-09-12,Site A,27.7
1501,2026-09-28,Site A,11.8
1502,2026-09-22,Site A,10.7
1503,2026-09-11,Site A,11.9
1504,2026-09-06,Site B,14.2
1505,2026-09-24,Site B,15.8
1506,2026-09-01,Site B,12.4
1507,2026-09-12,Site A,22.1
1508,2026-09-25,Site A,14.5
1509,2026-09-16,Site A,15.7
1510,2026-09-15,Site B,14.3
1511,2026-09-23,Site B,11.6
1512,2026-09-27,Site A,6.8
1513,2026-09-17,Site A,17.9
1514,2026-09-30,Site A,13.4
1515,2026-09-03,Site A,17.9
1516,2026-09-28,Site A,17.5
1517,2026-09-27,Site A,11.0
1518,2026-09-15,Site A,15.5
1519,2026-09-12,Site B,10.5
1520,2026-09-02,Site A,16.0
1521,2026-09-09,Site B,12.6
1522,2026-09-22,Site A,6.0
1523,2026-09-27,Site A,12.9
1524,2026-09-16,Site B,14.8
1525,2026-09-16,Site A,13.4
1526,2026-09-21,Site B,19.0
1527,2026-09-29,Site A,5.6
1528,2026-09-12,Site B,15.0
1529,2026-09-06,Site B,11.6
1530,2026-09-21,Site B,12.8
1531,2026-09-02,Site B,18.5
1532,2026-09-26,Site B,16.8
1533,2026-09-24,Site B,13.2
1534,2026-09-24,Site A,4.4
1535,2026-09-29,Site A,16.0
1536,2026-09-06,Site B,16.2
1537,2026-09-18,Site B,17.6
1538,2026-09-13,Site A,12.4
1539,2026-09-06,Site A,11.6
1540,2026-09-29,Site B,15.1
1541,2026-09-15,Site B,18.8
1542,2026-09-09,Site A,21.3
1543,2026-09-16,Site B,11.5
1544,2026-09-23,Site A,20.4
1545,2026-09-09,Site A,19.6
1546,2026-09-07,Site B,16.3
1547,2026-09-11,Site B,13.4
1548,2026-09-23,Site A,17.2
1549,2026-09-26,Site B,16.1
1550,2026-09-19,Site A,16.0
1551,2026-09-17,Site B,14.3
1552,2026-09-30,Site A,12.3
1553,2026-09-18,Site A,12.7
1554,2026-09-14,Site A,20.5
1555,2026-09-15,Site A,25.3
1556,2026-09-14,Site B,13.3
1557,2026-09-12,Site A,27.1
1558,2026-09-02,Site A,22.4
1559,2026-09-15,Site B,16.5
1560,2026-09-25,Site B,12.2
1561,2026-09-25,Site B,9.9
1562,2026-09-01,Site B,12.9
1563,2026-09-23,Site A,10.5
1564,2026-09-16,Site A,3.6
1565,2026-09-12,Site B,12.8
1566,2026-09-17,Site B,17.3
1567,2026-09-09,Site B,17.3
1568,2026-09-12,Site B,11.3
1569,2026-09-17,Site A,9.9
1570,2026-09-16,Site A,17.7
1571,2026-09-30,Site A,11.6
1572,2026-09-28,Site A,11.9
1573,2026-09-13,Site B,10.5
1574,2026-09-25,Site B,17.1
1575,2026-09-23,Site A,20.8
1576,2026-09-14,Site A,8.7
1577,2026-09-16,Site B,10.7
1578,2026-09-01,Site A,15.1
1579,2026-09-30,Site A,14.5
1580,2026-09-15,Site A,11.3
1581,2026-09-26,Site B,17.9
1582,2026-09-03,Site B,11.9
1583,2026-09-09,Site B,14.2
1584,2026-09-19,Site A,20.3
1585,2026-09-30,Site A,14.6
1586,2026-09-30,Site A,10.6
1587,2026-09-19,Site A,16.6
1588,2026-09-16,Site B,13.3
1589,2026-09-29,Site A,20.8
1590,2026-09-02,Site A,20.4
1591,2026-09-02,Site A,16.9
1592,2026-09-17,Site B,18.4
1593,2026-09-16,Site B,13.3
1594,2026-09-06,Site B,11.2
1595,2026-09-23,Site A,15.6
1596,2026-09-25,Site A,15.6
1597,2026-09-29,Site A,33.3
1598,2026-09-13,Site B,11.9
1599,2026-09-01,Site A,17.3
1600,2026-09-22,Site B,9.7
1601,2026-09-22,Site A,11.3
1602,2026-09-02,Site B,10.6
1603,2026-09-19,Site A,17.1
1604,2026-09-08,Site A,5.9
1605,2026-09-28,Site A,12.9
1606,2026-09-28,Site B,17.1
1607,2026-09-05,Site B,17.2
1608,2026-09-30,Site B,17.9
1609,2026-09-02,Site A,7.9
1610,2026-09-06,Site A,12.5
1611,2026-09-01,Site A,13.5
1612,2026-09-24,Site B,16.3
1613,2026-09-06,Site B,19.9
1614,2026-09-10,Site A,13.7
1615,2026-09-21,Site B,12.7
1616,2026-09-15,Site B,16.7
1617,2026-09-12,Site B,12.3
1618,2026-09-03,Site B,12.0
1619,2026-09-10,Site B,19.4
1620,2026-09-11,Site A,18.3
1621,2026-09-18,Site A,9.4
1622,2026-09-03,Site B,14.1
1623,2026-09-03,Site B,17.2
1624,2026-09-14,Site B,14.0
1625,2026-09-09,Site B,15.3
1626,2026-09-07,Site B,11.6
1627,2026-09-30,Site B,12.8
1628,2026-09-25,Site B,13.1
1629,2026-09-25,Site A,12.1
1630,2026-09-12,Site B,11.7
1631,2026-09-10,Site B,12.8
1632,2026-09-20,Site B,17.3
1633,2026-09-01,Site A,16.0
1634,2026-09-07,Site A,16.5
1635,2026-09-17,Site A,15.0
1636,2026-09-23,Site A,13.1
1637,2026-09-09,Site B,17.2
1638,2026-09-29,Site A,13.7
1639,2026-09-02,Site A,23.1
1640,2026-09-11,Site B,18.0
1641,2026-09-21,Site B,14.2
1642,2026-09-18,Site A,15.3
1643,2026-09-25,Site A,19.1
1644,2026-09-13,Site B,14.6
1645,2026-09-24,Site A,15.7
1646,2026-09-13,Site A,12.6
1647,2026-09-25,Site A,23.1
1648,2026-09-01,Site A,7.7
1649,2026-09-06,Site A,18.3
1650,2026-09-19,Site A,7.3
1651,2026-09-21,Site A,20.7
1652,2026-09-08,Site B,17.9
1653,2026-09-10,Site A,7.8
1654,2026-09-11,Site B,12.0
1655,2026-09-02,Site A,13.8
1656,2026-09-03,Site A,11.7
1657,2026-09-16,Site B,17.9
1658,2026-09-05,Site B,14.5
1659,2026-09-16,Site B,12.1
1660,2026-09-26,Site B,12.5
1661,2026-09-21,Site A,11.1
1662,2026-09-16,Site A,15.1
1663,2026-09-18,Site B,13.2
1664,2026-09-13,Site B,16.8
1665,2026-09-20,Site B,16.1
1666,2026-09-14,Site B,13.4
1667,2026-09-24,Site A,10.5
1668,2026-09-23,Site B,17.3
1669,2026-09-10,Site B,16.6
1670,2026-09-11,Site B,11.8
1671,2026-09-16,Site A,10.8
1672,2026-09-09,Site A,12.3
1673,2026-09-09,Site B,12.0
1674,2026-09-28,Site A,16.1
1675,2026-09-20,Site B,18.0
1676,2026-09-24,Site B,14.3
1677,2026-09-16,Site A,16.7
1678,2026-09-06,Site A,17.4
1679,2026-09-07,Site A,13.7
1680,2026-09-19,Site A,17.4
1681,2026-09-19,Site B,18.0
1682,2026-09-02,Site B,17.6
1683,2026-09-12,Site B,13.7
1684,2026-09-09,Site B,14.1
1685,2026-09-07,Site B,10.8
1686,2026-09-23,Site B,13.9
1687,2026-09-03,Site B,11.9
1688,2026-09-18,Site A,13.2
1689,2026-09-14,Site B,11.4
1690,2026-09-16,Site B,19.0
1691,2026-09-25,Site A,24.2
1692,2026-09-25,Site B,19.4
1693,2026-09-23,Site A,9.8
1694,2026-09-21,Site A,11.1
1695,2026-09-15,Site B,17.2
1696,2026-09-15,Site A,13.4
1697,2026-09-22,Site B,9.9
1698,2026-09-30,Site B,10.1
1699,2026-09-25,Site A,20.2
1700,2026-09-22,Site A,12.0
1701,2026-09-04,Site B,16.2
1702,2026-09-01,Site B,17.9
1703,2026-09-08,Site A,19.9
1704,2026-09-07,Site B,16.0
1705,2026-09-17,Site A,18.2
1706,2026-09-26,Site A,16.0
1707,2026-09-19,Site B,17.8
1708,2026-09-09,Site B,16.8
1709,2026-09-14,Site B,12.4
1710,2026-09-04,Site B,12.2
1711,2026-09-02,Site A,23.2
1712,2026-09-09,Site A,12.6
1713,2026-09-19,Site A,11.8
1714,2026-09-26,Site B,17.8
1715,2026-09-25,Site A,12.0
1716,2026-09-24,Site B,13.6
1717,2026-09-18,Site A,18.3
1718,2026-09-28,Site A,24.9
1719,2026-09-12,Site A,18.0
1720,2026-09-28,Site A,14.3
1721,2026-09-17,Site B,17.4
1722,2026-09-18,Site A,17.6
1723,2026-09-25,Site B,13.3
1724,2026-09-29,Site B,12.8
1725,2026-09-08,Site A,17.9
1726,2026-09-09,Site A,13.0
1727,2026-09-10,Site A,18.5
1728,2026-09-19,Site A,17.1
1729,2026-09-09,Site A,22.0
1730,2026-09-23,Site B,12.5
1731,2026-09-16,Site B,17.9
1732,2026-09-21,Site A,15.8
1733,2026-09-30,Site A,15.5
1734,2026-09-29,Site B,18.5
1735,2026-09-15,Site A,17.5
1736,2026-09-01,Site A,19.7
1737,2026-09-02,Site A,14.8
1738,2026-09-04,Site B,15.8
1739,2026-09-07,Site A,10.4
1740,2026-09-27,Site A,12.5
1741,2026-09-25,Site A,12.8
1742,2026-09-17,Site B,10.8
1743,2026-09-23,Site B,10.3
1744,2026-09-27,Site B,17.4
1745,2026-09-24,Site A,12.7
1746,2026-09-07,Site A,11.5
1747,2026-09-03,Site B,12.3
1748,2026-09-13,Site A,13.1
1749,2026-09-18,Site B,15.1
1750,2026-09-26,Site B,12.6
1751,2026-09-25,Site A,21.6
1752,2026-09-05,Site B,11.6
1753,2026-09-21,Site B,13.8
1754,2026-09-09,Site A,14.2
1755,2026-09-04,Site B,11.4
1756,2026-09-04,Site B,19.2
1757,2026-09-13,Site A,11.0
1758,2026-09-03,Site B,13.6
1759,2026-09-10,Site B,12.9
1760,2026-09-14,Site A,13.9
1761,2026-09-22,Site B,12.1
1762,2026-09-05,Site B,10.8
1763,2026-09-29,Site A,12.2
1764,2026-09-09,Site B,11.5
1765,2026-09-04,Site B,13.6
1766,2026-09-19,Site B,15.7
1767,2026-09-07,Site B,18.0
1768,2026-09-17,Site A,5.4
1769,2026-09-18,Site A,31.1
1770,2026-09-13,Site A,14.9
1771,2026-09-13,Site A,12.4
1772,2026-09-02,Site B,17.2
1773,2026-09-04,Site A,8.7
1774,2026-09-04,Site B,13.0
1775,2026-09-17,Site B,17.7
1776,2026-09-28,Site B,12.0
1777,2026-09-05,Site A,12.3
1778,2026-09-13,Site A,12.8
1779,2026-09-16,Site B,13.3
1780,2026-09-10,Site B,17.7
1781,2026-09-09,Site B,13.1
1782,2026-09-25,Site A,20.9
1783,2026-09-18,Site B,17.9
1784,2026-09-28,Site B,20.1
1785,2026-09-13,Site B,12.0
1786,2026-09-29,Site A,21.4
1787,2026-09-04,Site B,17.1
1788,2026-09-02,Site A,20.7
1789,2026-09-12,Site A,11.3
1790,2026-09-15,Site B,14.6
1791,2026-09-30,Site B,13.9
1792,2026-09-13,Site A,10.3
1793,2026-09-20,Site A,9.3
1794,2026-09-05,Site A,20.3
1795,2026-09-29,Site B,18.8
1796,2026-09-02,Site B,11.9
1797,2026-09-07,Site A,9.6
1798,2026-09-11,Site A,8.8
1799,2026-09-12,Site A,12.9
1800,2026-09-23,Site B,12.1
1801,2026-09-21,Site B,16.7
1802,2026-09-30,Site A,18.5
1803,2026-09-16,Site B,18.4
1804,2026-09-12,Site B,14.1
1805,2026-09-08,Site B,19.1
1806,2026-09-04,Site B,13.2
1807,2026-09-12,Site A,20.8
1808,2026-09-22,Site B,11.6
1809,2026-09-16,Site A,9.1
1810,2026-09-09,Site A,13.3
1811,2026-09-17,Site B,13.4
1812,2026-09-28,Site B,16.8
1813,2026-09-08,Site A,14.2
1814,2026-09-08,Site A,7.5
1815,2026-09-17,Site B,17.3
1816,2026-09-25,Site A,15.7
1817,2026-09-04,Site A,17.2
1818,2026-09-02,Site B,16.2
1819,2026-09-21,Site A,7.5
1820,2026-09-16,Site A,9.7
1821,2026-09-23,Site A,8.5
1822,2026-09-20,Site A,16.9
1823,2026-09-28,Site A,22.9
1824,2026-09-06,Site A,21.4
1825,2026-09-16,Site B,18.8
1826,2026-09-03,Site A,12.7
1827,2026-09-01,Site B,10.7
1828,2026-09-26,Site B,15.3
1829,2026-09-19,Site A,10.6
1830,2026-09-07,Site B,17.7
1831,2026-09-06,Site B,17.6
1832,2026-09-20,Site B,15.5
1833,2026-09-18,Site A,11.1
1834,2026-09-30,Site A,10.0
1835,2026-09-06,Site A,10.9
1836,2026-09-17,Site B,18.3
1837,2026-09-11,Site A,12.2
1838,2026-09-08,Site B,17.6
1839,2026-09-08,Site B,17.3
1840,2026-09-09,Site A,11.6
1841,2026-09-30,Site A,9.7
1842,2026-09-03,Site A,12.4
1843,2026-09-15,Site A,15.0
1844,2026-09-17,Site B,13.2
1845,2026-09-04,Site A,9.4
1846,2026-09-09,Site B,17.5
1847,2026-09-15,Site B,18.4
1848,2026-09-14,Site B,18.9
1849,2026-09-05,Site B,12.9
1850,2026-09-23,Site A,15.4
1851,2026-09-06,Site A,9.3
1852,2026-09-10,Site B,17.5
1853,2026-09-09,Site A,12.3
1854,2026-09-14,Site B,18.3
1855,2026-09-10,Site B,13.5
1856,2026-09-22,Site A,13.8
1857,2026-09-12,Site A,17.7
1858,2026-09-30,Site B,13.1
1859,2026-09-17,Site A,17.1
1860,2026-09-13,Site A,26.1
1861,2026-09-13,Site A,18.7
1862,2026-09-19,Site B,15.1
1863,2026-09-09,Site B,17.1
1864,2026-09-01,Site B,17.7
1865,2026-09-12,Site A,7.4
1866,2026-09-16,Site B,12.7
1867,2026-09-26,Site B,16.0
1868,2026-09-30,Site A,9.7
1869,2026-09-19,Site B,12.5
1870,2026-09-21,Site A,16.0
1871,2026-09-16,Site A,11.8
1872,2026-09-01,Site B,15.9
1873,2026-09-09,Site A,8.9
1874,2026-09-08,Site B,13.3
1875,2026-09-02,Site A,18.7
1876,2026-09-06,Site B,11.7
1877,2026-09-13,Site A,5.9
1878,2026-09-19,Site B,18.2
1879,2026-09-13,Site A,16.2
1880,2026-09-01,Site B,17.9
1881,2026-09-27,Site A,16.6
1882,2026-09-14,Site A,11.2
1883,2026-09-20,Site B,15.9
1884,2026-09-24,Site A,18.7
1885,2026-09-12,Site A,7.1
1886,2026-09-18,Site A,12.2
1887,2026-09-18,Site B,17.8
1888,2026-09-24,Site A,9.2
1889,2026-09-15,Site B,11.4
1890,2026-09-08,Site B,13.3
1891,2026-09-30,Site A,17.1
1892,2026-09-19,Site A,17.0
1893,2026-09-27,Site A,11.5
1894,2026-09-27,Site B,17.5
1895,2026-09-15,Site B,13.4
1896,2026-09-06,Site B,18.7
1897,2026-09-24,Site A,16.8
1898,2026-09-22,Site B,12.1
1899,2026-09-17,Site B,15.8
1900,2026-09-14,Site A,28.9
1901,2026-09-08,Site A,18.7
1902,2026-09-16,Site B,15.6
1903,2026-09-21,Site A,10.6
1904,2026-09-30,Site A,16.7
1905,2026-09-16,Site A,16.1
1906,2026-09-13,Site B,13.0
1907,2026-09-24,Site B,15.9
1908,2026-09-10,Site B,12.4
1909,2026-09-24,Site A,9.3
1910,2026-09-19,Site A,9.9
1911,2026-09-25,Site B,14.2
1912,2026-09-06,Site A,17.9
1913,2026-09-14,Site B,12.7
1914,2026-09-01,Site A,11.1
1915,2026-09-07,Site A,14.3
1916,2026-09-25,Site B,20.4
1917,2026-09-05,Site B,12.9
1918,2026-09-18,Site B,16.8
1919,2026-09-25,Site B,18.9
1920,2026-09-30,Site A,14.0
1921,2026-09-06,Site A,23.7
1922,2026-09-08,Site A,9.2
1923,2026-09-11,Site B,17.6
1924,2026-09-02,Site B,12.5
1925,2026-09-07,Site A,21.0
1926,2026-09-30,Site B,18.2
1927,2026-09-13,Site A,8.2
1928,2026-09-28,Site B,18.8
1929,2026-09-09,Site A,9.3
1930,2026-09-17,Site B,13.9
1931,2026-09-20,Site A,12.5
1932,2026-09-13,Site A,21.2
1933,2026-09-28,Site B,17.9
1934,2026-09-30,Site B,17.1
1935,2026-09-12,Site B,18.3
1936,2026-09-29,Site A,9.7
1937,2026-09-21,Site A,9.1
1938,2026-09-08,Site A,22.3
1939,2026-09-16,Site A,15.3
1940,2026-09-30,Site B,13.5
1941,2026-09-14,Site A,13.3
1942,2026-09-17,Site B,17.2
1943,2026-09-21,Site A,12.5
1944,2026-09-18,Site A,12.7
1945,2026-09-01,Site B,18.8
1946,2026-09-19,Site A,8.4
1947,2026-09-05,Site B,13.1
1948,2026-09-03,Site A,8.3
1949,2026-09-03,Site B,12.2
1950,2026-09-08,Site A,23.1
1951,2026-09-10,Site B,18.3
1952,2026-09-08,Site B,11.8
1953,2026-09-18,Site B,13.6
1954,2026-09-29,Site A,11.5
1955,2026-09-10,Site B,11.4
1956,2026-09-12,Site A,15.5
1957,2026-09-05,Site A,14.4
1958,2026-09-16,Site A,9.0
1959,2026-09-05,Site B,12.9
1960,2026-09-29,Site A,13.5
1961,2026-09-15,Site B,13.8
1962,2026-09-02,Site B,17.1
1963,2026-09-16,Site B,13.3
1964,2026-09-03,Site A,14.5
1965,2026-09-21,Site B,12.3
1966,2026-09-07,Site B,17.2
1967,2026-09-01,Site B,16.9
1968,2026-09-02,Site A,13.3
1969,2026-09-25,Site B,18.2
1970,2026-09-22,Site B,16.9
1971,2026-09-18,Site B,17.4
1972,2026-09-01,Site A,13.1
1973,2026-09-09,Site B,17.3
1974,2026-09-25,Site B,17.8
1975,2026-09-01,Site A,10.6
1976,2026-09-13,Site A,14.0
1977,2026-09-07,Site A,8.0
1978,2026-09-05,Site B,13.5
1979,2026-09-20,Site B,18.8
1980,2026-09-29,Site B,13.6
1981,2026-09-13,Site B,12.3
1982,2026-09-12,Site A,9.5
1983,2026-09-18,Site B,18.1
1984,2026-09-08,Site A,9.0
1985,2026-09-09,Site B,13.2
1986,2026-09-15,Site B,12.8
1987,2026-09-23,Site B,13.2
1988,2026-09-23,Site A,12.3
1989,2026-09-16,Site A,11.6
1990,2026-09-14,Site B,14.4
1991,2026-09-21,Site B,11.2
1992,2026-09-14,Site B,16.4
1993,2026-09-09,Site B,18.3
1994,2026-09-15,Site B,11.1
1995,2026-09-13,Site B,11.7
1996,2026-09-11,Site A,10.1
1997,2026-09-25,Site A,23.3
1998,2026-09-28,Site B,16.1
1999,2026-09-09,Site A,11.2
2000,2026-09-08,Site B,14.6
2001,2026-09-05,Site B,19.2
2002,2026-09-25,Site A,19.3
2003,2026-09-13,Site A,13.3
2004,2026-09-07,Site A,11.9
2005,2026-09-15,Site A,4.8
2006,2026-09-30,Site A,22.7
2007,2026-09-02,Site B,12.0
2008,2026-09-12,Site B,12.2
2009,2026-09-29,Site A,13.8
2010,2026-09-09,Site B,17.8
2011,2026-09-27,Site A,17.6
2012,2026-09-10,Site A,12.8
2013,2026-09-05,Site A,7.3
2014,2026-09-20,Site B,12.1
2015,2026-09-10,Site A,9.6
2016,2026-09-18,Site A,25.8
2017,2026-09-30,Site A,13.8
2018,2026-09-15,Site B,17.3
2019,2026-09-25,Site A,8.6
2020,2026-09-02,Site B,13.3
2021,2026-09-13,Site B,12.2
2022,2026-09-15,Site B,10.8
2023,2026-09-12,Site A,22.6
2024,2026-09-02,Site B,17.6
2025,2026-09-09,Site A,15.0
2026,2026-09-08,Site A,12.6
2027,2026-09-22,Site A,13.2
2028,2026-09-26,Site A,15.9
2029,2026-09-02,Site A,19.1
2030,2026-09-01,Site B,11.8
2031,2026-09-02,Site B,16.5
2032,2026-09-20,Site A,17.0
2033,2026-09-13,Site A,16.0
2034,2026-09-07,Site B,12.2
2035,2026-09-26,Site A,21.2
2036,2026-09-13,Site B,15.9
2037,2026-09-02,Site B,17.3
2038,2026-09-05,Site A,11.7
2039,2026-09-04,Site B,17.1
2040,2026-09-07,Site B,10.3
2041,2026-09-24,Site B,11.9
2042,2026-09-26,Site B,11.6
2043,2026-09-06,Site A,17.5
2044,2026-09-15,Site A,14.1
2045,2026-09-24,Site B,11.1
2046,2026-09-06,Site A,15.1
2047,2026-09-23,Site A,15.0
2048,2026-09-15,Site B,12.5
2049,2026-09-20,Site B,12.2
2050,2026-09-13,Site A,15.8
2051,2026-09-03,Site A,12.4
2052,2026-09-21,Site A,12.7
2053,2026-09-21,Site A,22.5
2054,2026-09-11,Site A,12.8
2055,2026-09-22,Site A,10.8
2056,2026-09-05,Site B,12.2
2057,2026-09-17,Site B,16.5
2058,2026-09-01,Site A,13.9
2059,2026-09-30,Site B,12.6
2060,2026-09-16,Site A,10.1
2061,2026-09-21,Site B,17.9
2062,2026-09-13,Site B,20.5
2063,2026-09-10,Site B,17.0
2064,2026-09-19,Site A,11.1
2065,2026-09-10,Site A,16.0
2066,2026-09-29,Site A,7.5
2067,2026-09-09,Site A,19.3
2068,2026-09-23,Site B,17.9
2069,2026-09-01,Site A,17.3
2070,2026-09-15,Site A,15.2
2071,2026-09-07,Site A,8.9
2072,2026-09-11,Site B,12.7
2073,2026-09-05,Site A,18.1
2074,2026-09-17,Site B,16.4
2075,2026-09-26,Site B,18.0
2076,2026-09-16,Site B,9.1
2077,2026-09-14,Site B,13.0
2078,2026-09-22,Site B,11.5
2079,2026-09-23,Site B,17.1
2080,2026-09-21,Site B,11.9
2081,2026-09-17,Site A,7.6
2082,2026-09-17,Site B,11.8
2083,2026-09-29,Site B,13.4
2084,2026-09-08,Site A,7.9
2085,2026-09-30,Site A,11.0
2086,2026-09-07,Site A,8.9
2087,2026-09-14,Site B,12.5
2088,2026-09-19,Site B,13.1
2089,2026-09-09,Site B,14.7
2090,2026-09-27,Site B,17.2
2091,2026-09-20,Site B,17.1
2092,2026-09-07,Site B,11.8
2093,2026-09-23,Site B,18.4
2094,2026-09-24,Site B,19.5
2095,2026-09-07,Site A,15.5
2096,2026-09-12,Site A,11.6
2097,2026-09-18,Site B,12.5
2098,2026-09-05,Site A,21.9
2099,2026-09-29,Site B,17.4
2100,2026-09-04,Site A,15.6
2101,2026-09-21,Site B,12.8
2102,2026-09-19,Site B,18.7
2103,2026-09-13,Site A,30.0
2104,2026-09-25,Site A,17.7
2105,2026-09-08,Site A,8.5
2106,2026-09-06,Site B,15.3
2107,2026-09-23,Site A,13.9
2108,2026-09-17,Site B,13.1
2109,2026-09-29,Site A,8.0
2110,2026-09-19,Site A,13.7
2111,2026-09-01,Site A,18.8
2112,2026-09-15,Site B,12.1
2113,2026-09-30,Site B,11.3
2114,2026-09-13,Site B,18.5
2115,2026-09-24,Site B,11.2
2116,2026-09-22,Site A,12.8
2117,2026-09-10,Site A,10.8
2118,2026-09-22,Site A,13.0
2119,2026-09-09,Site A,12.8
2120,2026-09-26,Site A,11.2
2121,2026-09-10,Site B,18.8
2122,2026-09-30,Site B,18.1
2123,2026-09-21,Site A,9.6
2124,2026-09-20,Site A,13.6
2125,2026-09-15,Site A,8.7
2126,2026-09-05,Site A,19.8
2127,2026-09-17,Site B,11.5
2128,2026-09-24,Site B,18.3
2129,2026-09-28,Site A,21.0
2130,2026-09-29,Site B,11.8
2131,2026-09-22,Site B,11.9
2132,2026-09-19,Site B,16.4
2133,2026-09-28,Site A,19.6
2134,2026-09-08,Site B,15.6
2135,2026-09-16,Site A,13.3
2136,2026-09-01,Site B,13.6
2137,2026-09-09,Site A,19.6
2138,2026-09-09,Site A,8.9
2139,2026-09-04,Site B,18.7
2140,2026-09-10,Site B,16.0
2141,2026-09-26,Site B,17.8
2142,2026-09-02,Site A,9.0
2143,2026-09-14,Site A,10.6
2144,2026-09-03,Site A,22.7
2145,2026-09-10,Site B,10.6
2146,2026-09-25,Site B,10.2
2147,2026-09-19,Site A,18.8
2148,2026-09-29,Site B,16.9
2149,2026-09-24,Site A,17.0
2150,2026-09-20,Site B,18.6
2151,2026-09-21,Site A,23.8
2152,2026-09-06,Site B,16.8
2153,2026-09-26,Site B,13.8
2154,2026-09-29,Site A,15.9
2155,2026-09-04,Site B,10.8
2156,2026-09-14,Site A,12.4
2157,2026-09-28,Site B,11.7
2158,2026-09-30,Site A,18.5
2159,2026-09-05,Site A,19.3
2160,2026-09-24,Site A,6.2
2161,2026-09-03,Site B,12.4
2162,2026-09-09,Site A,21.2
2163,2026-09-21,Site A,23.1
2164,2026-09-29,Site A,24.8
2165,2026-09-20,Site A,15.2
2166,2026-09-27,Site A,12.6
2167,2026-09-03,Site B,12.2
2168,2026-09-27,Site B,12.0
2169,2026-09-28,Site B,16.3
2170,2026-09-10,Site A,4.6
2171,2026-09-25,Site A,15.7
2172,2026-09-21,Site B,11.3
2173,2026-09-30,Site A,12.3
2174,2026-09-27,Site B,16.1
2175,2026-09-08,Site B,12.7
2176,2026-09-21,Site B,12.4
2177,2026-09-15,Site A,16.0
2178,2026-09-09,Site A,35.2
2179,2026-09-01,Site A,16.3
2180,2026-09-21,Site B,15.5
2181,2026-09-15,Site B,11.4
2182,2026-09-18,Site A,14.9
2183,2026-09-28,Site B,11.9
2184,2026-09-02,Site B,14.1
2185,2026-09-29,Site B,12.3
2186,2026-09-18,Site A,10.9
2187,2026-09-10,Site B,17.1
2188,2026-09-03,Site B,15.5
2189,2026-09-21,Site A,12.0
2190,2026-09-15,Site B,13.5
2191,2026-09-18,Site B,18.6
2192,2026-09-25,Site B,17.1
2193,2026-09-28,Site A,15.9
2194,2026-09-03,Site B,10.6
2195,2026-09-26,Site B,11.3
2196,2026-09-12,Site B,13.3
2197,2026-09-28,Site B,10.6
2198,2026-09-04,Site B,18.1
2199,2026-09-30,Site A,18.6
2200,2026-09-16,Site A,10.9
2201,2026-09-20,Site A,8.2
2202,2026-09-23,Site B,15.9
2203,2026-09-13,Site B,10.0
2204,2026-09-28,Site A,24.9
2205,2026-09-28,Site A,16.8
2206,2026-09-15,Site A,18.1
2207,2026-09-24,Site A,7.0
2208,2026-09-09,Site A,12.9
2209,2026-09-06,Site B,18.7
2210,2026-09-07,Site A,12.3
2211,2026-09-09,Site B,19.4
2212,2026-09-29,Site B,18.5
2213,2026-09-19,Site B,15.3
2214,2026-09-05,Site B,13.0
2215,2026-09-30,Site B,13.2
2216,2026-09-22,Site B,16.1
2217,2026-09-26,Site B,10.0
2218,2026-09-16,Site B,18.3
2219,2026-09-02,Site A,6.4
2220,2026-09-19,Site B,16.8
2221,2026-09-14,Site A,10.9
2222,2026-09-06,Site A,14.3
2223,2026-09-21,Site B,11.6
2224,2026-09-05,Site B,15.7
2225,2026-09-28,Site A,15.8
2226,2026-09-06,Site B,17.1
2227,2026-09-14,Site A,8.3
2228,2026-09-23,Site A,8.4
2229,2026-09-28,Site B,17.8
2230,2026-09-17,Site B,13.1
2231,2026-09-01,Site B,19.5
2232,2026-09-10,Site B,12.5
2233,2026-09-19,Site B,11.9
2234,2026-09-18,Site A,15.7
2235,2026-09-16,Site B,17.2
2236,2026-09-26,Site B,11.2
2237,2026-09-10,Site B,9.3
2238,2026-09-29,Site B,16.1
2239,2026-09-17,Site A,19.2
2240,2026-09-15,Site A,10.0
2241,2026-09-06,Site A,10.3
2242,2026-09-14,Site A,18.5
2243,2026-09-27,Site B,17.8
2244,2026-09-14,Site B,20.0
2245,2026-09-03,Site A,10.4
2246,2026-09-02,Site B,12.7
2247,2026-09-21,Site A,18.5
2248,2026-09-05,Site A,11.4
2249,2026-09-30,Site B,11.5
2250,2026-09-22,Site B,17.8
2251,2026-09-17,Site A,8.0
2252,2026-09-29,Site B,10.9
2253,2026-09-17,Site A,23.3
2254,2026-09-09,Site B,13.8
2255,2026-09-21,Site B,13.0
2256,2026-09-21,Site A,12.6
2257,2026-09-21,Site A,12.6
2258,2026-09-16,Site A,11.2
2259,2026-09-13,Site B,12.3
2260,2026-09-23,Site A,22.2
2261,2026-09-30,Site A,21.7
2262,2026-09-10,Site A,8.0
2263,2026-09-10,Site B,15.5
2264,2026-09-08,Site B,16.9
2265,2026-09-19,Site B,12.5
2266,2026-09-14,Site B,14.8
2267,2026-09-21,Site B,10.4
2268,2026-09-25,Site A,17.9
2269,2026-09-11,Site A,14.9
2270,2026-09-06,Site B,12.3
2271,2026-09-01,Site B,19.1
2272,2026-09-14,Site B,10.2
2273,2026-09-20,Site B,19.6
2274,2026-09-09,Site A,17.6
2275,2026-09-16,Site A,12.4
2276,2026-09-30,Site B,11.8
2277,2026-09-07,Site A,24.9
2278,2026-09-01,Site B,17.0
2279,2026-09-11,Site B,13.4
2280,2026-09-13,Site A,17.5
2281,2026-09-05,Site A,16.3
2282,2026-09-15,Site A,21.5
2283,2026-09-10,Site B,14.7
2284,2026-09-18,Site B,14.5
2285,2026-09-21,Site B,12.3
2286,2026-09-01,Site A,22.6
2287,2026-09-12,Site B,15.4
2288,2026-09-20,Site A,10.9
2289,2026-09-25,Site B,15.0
2290,2026-09-18,Site B,15.7
2291,2026-09-11,Site A,10.9
2292,2026-09-18,Site A,28.9
2293,2026-09-23,Site B,12.4
2294,2026-09-30,Site A,14.6
2295,2026-09-17,Site B,11.2
2296,2026-09-22,Site A,8.3
2297,2026-09-14,Site B,14.5
2298,2026-09-30,Site B,15.8
2299,2026-09-21,Site A,15.2
2300,2026-09-29,Site A,19.6
2301,2026-09-25,Site A,15.7
2302,2026-09-30,Site B,12.3
2303,2026-09-14,Site A,11.4
2304,2026-09-14,Site A,7.1
2305,2026-09-10,Site B,19.7
2306,2026-09-27,Site A,8.9
2307,2026-09-21,Site A,15.5
2308,2026-09-28,Site A,23.0
2309,2026-09-12,Site A,13.8
2310,2026-09-11,Site A,23.1
2311,2026-09-05,Site A,8.8
2312,2026-09-24,Site B,18.2
2313,2026-09-04,Site A,13.6
2314,2026-09-27,Site A,24.1
2315,2026-09-20,Site A,10.7
2316,2026-09-13,Site B,14.1
2317,2026-09-01,Site B,12.1
2318,2026-09-18,Site B,10.6
2319,2026-09-30,Site B,16.6
2320,2026-09-29,Site B,12.6
2321,2026-09-18,Site B,12.8
2322,2026-09-21,Site A,14.0
2323,2026-09-16,Site B,15.5
2324,2026-09-11,Site B,13.7
2325,2026-09-12,Site A,16.3
2326,2026-09-12,Site A,14.2
2327,2026-09-14,Site A,26.2
2328,2026-09-08,Site A,20.0
2329,2026-09-08,Site A,19.4
2330,2026-09-01,Site B,13.1
2331,2026-09-11,Site A,10.2
2332,2026-09-05,Site A,11.4
2333,2026-09-12,Site B,12.1
2334,2026-09-26,Site A,17.6
2335,2026-09-10,Site A,13.2
2336,2026-09-14,Site A,28.5
2337,2026-09-16,Site B,13.1
2338,2026-09-10,Site B,16.4
2339,2026-09-24,Site B,12.8
2340,2026-09-24,Site B,15.5
2341,2026-09-18,Site A,8.4
2342,2026-09-24,Site A,17.1
2343,2026-09-19,Site A,16.7
2344,2026-09-17,Site B,14.7
2345,2026-09-21,Site B,11.7
2346,2026-09-15,Site B,17.6
2347,2026-09-02,Site A,12.5
2348,2026-09-10,Site B,12.5
2349,2026-09-28,Site B,17.1
2350,2026-09-07,Site A,17.1
2351,2026-09-16,Site A,11.3
2352,2026-09-07,Site A,18.6
2353,2026-09-14,Site A,26.5
2354,2026-09-01,Site B,12.6
2355,2026-09-22,Site A,8.5
2356,2026-09-10,Site B,16.4
2357,2026-09-11,Site B,12.5
2358,2026-09-02,Site A,18.9
2359,2026-09-26,Site A,12.0
2360,2026-09-14,Site A,9.9
2361,2026-09-03,Site B,17.2
2362,2026-09-28,Site B,18.5
2363,2026-09-16,Site B,16.4
2364,2026-09-25,Site B,12.2
2365,2026-09-26,Site B,17.3
2366,2026-09-15,Site A,30.1
2367,2026-09-04,Site B,17.5
2368,2026-09-16,Site B,16.9
2369,2026-09-01,Site B,18.2
2370,2026-09-14,Site A,14.9
2371,2026-09-17,Site A,26.4
2372,2026-09-12,Site B,12.1
2373,2026-09-04,Site A,17.5
2374,2026-09-01,Site A,6.0
2375,2026-09-04,Site B,17.6
2376,2026-09-09,Site B,13.2
2377,2026-09-06,Site A,21.9
2378,2026-09-17,Site A,9.2
2379,2026-09-08,Site A,12.0
2380,2026-09-24,Site A,13.1
2381,2026-09-29,Site A,13.5
2382,2026-09-09,Site B,13.8
2383,2026-09-30,Site B,12.8
2384,2026-09-17,Site A,14.4
2385,2026-09-28,Site A,11.8
2386,2026-09-25,Site B,10.9
2387,2026-09-30,Site B,18.1
2388,2026-09-07,Site A,17.4
2389,2026-09-29,Site B,11.5
2390,2026-09-13,Site A,20.5
2391,2026-09-28,Site A,14.7
2392,2026-09-09,Site A,8.4
2393,2026-09-16,Site B,20.2
2394,2026-09-12,Site B,16.7
2395,2026-09-12,Site A,15.0
2396,2026-09-28,Site A,32.3
2397,2026-09-30,Site B,10.9
2398,2026-09-16,Site A,16.1
2399,2026-09-06,Site B,11.7
2400,2026-09-14,Site A,13.3
