Opportunity Name,Amount,Stage,Account Name,Closed
Opportunity 8,"$1,160,060",Closed Won,United Oil & Gas Corp.,true
Opportunity 166,"$1,158,310",Closed Won,University of Arizona,true
Opportunity 164,"$966,560",Closed Won,Grand Hotels & Resorts Ltd,true
Opportunity 4,"$921,810",Closed Won,GenePoint,true
United Oil Refinery Generators,"$915,000",Closed Won,United Oil & Gas Corp.,true
Opportunity 21,"$698,230",Closed Won,GenePoint,true
United Oil Plant Standby Generators,"$675,000",Needs Analysis,United Oil & Gas Corp.,false
University of AZ Portable Generators,"$500,000",Closed Won,University of Arizona,true
Opportunity 140,"$498,860",Closed Won,sForce,true
Opportunity 476,"$490,480",Id. Decision Makers,Burlington Textiles Corp of America,false
Opportunity 147,"$485,160",Closed Won,Burlington Textiles Corp of America,true
United Oil Emergency Generators,"$440,000",Closed Won,United Oil & Gas Corp.,true
Pew Test,"$429,058",Perception Analysis,PewPew,false
Grand Hotels Generator Installations,"$350,000",Closed Won,Grand Hotels & Resorts Ltd,true
Opp Brazil 43,"$308,606",Qualification,Pew Pew 2,false
GenePoint SLA,"$300,000",Closed Won,GenePoint,true
United Oil Installations,"$270,000",Closed Won,United Oil & Gas Corp.,true
United Oil Installations,"$270,000",Negotiation/Review,United Oil & Gas Corp.,false
United Oil Refinery Generators,"$270,000",Proposal/Price Quote,United Oil & Gas Corp.,false
Grand Hotels Guest Portable Generators,"$250,000",Value Proposition,Grand Hotels & Resorts Ltd,false
Burlington Textiles Weaving Plant Generator,"$235,000",Closed Won,Burlington Textiles Corp of America,true
United Oil Installations,"$235,000",Closed Won,United Oil & Gas Corp.,true
Express Logistics Standby Generator,"$220,000",Closed Won,Express Logistics and Transport,true
Opportunity 136,"$211,100",Closed Won,Grand Hotels & Resorts Ltd,true
Grand Hotels Emergency Generators,"$210,000",Closed Won,Grand Hotels & Resorts Ltd,true
Grand Hotels Kitchen Generator,"$150,000",Id. Decision Makers,Grand Hotels & Resorts Ltd,false
Opportunity 374,"$149,892",Proposal/Price Quote,GenePoint,false
Opportunity 449,"$149,839",Prospecting,"United Oil & Gas, Singapore",false
Opportunity 432,"$149,665",Closed Won,GenePoint,true
Opportunity 2,"$149,657",Closed Won,Edge Communications,true
Opportunity 237,"$149,367",Value Proposition,United Oil & Gas Corp.,false
Opportunity 577,"$148,945",Negotiation/Review,GenePoint,false
Opportunity 534,"$148,755",Id. Decision Makers,Grand Hotels & Resorts Ltd,false
Opportunity 669,"$148,173",Closed Lost,Grand Hotels & Resorts Ltd,true
Opportunity 411,"$148,126",Prospecting,"United Oil & Gas, UK",false
Opportunity 425,"$147,636",Prospecting,Pyramid Construction Inc.,false
Opportunity 380,"$147,385",Proposal/Price Quote,"United Oil & Gas, UK",false
Opportunity 309,"$147,316",Proposal/Price Quote,"United Oil & Gas, UK",false
Opportunity 252,"$147,252",Value Proposition,Edge Communications,false
Opportunity 69,"$147,212",Closed Won,Burlington Textiles Corp of America,true
Opportunity 78,"$147,130",Closed Won,"United Oil & Gas, UK",true
Opportunity 225,"$146,923",Value Proposition,Edge Communications,false
Opportunity 329,"$146,837",Proposal/Price Quote,Grand Hotels & Resorts Ltd,false
Opportunity 385,"$146,673",Proposal/Price Quote,Dickenson plc,false
Opportunity 554,"$146,653",Id. Decision Makers,"United Oil & Gas, UK",false
Opportunity 261,"$146,439",Value Proposition,Grand Hotels & Resorts Ltd,false
Opportunity 88,"$146,429",Closed Won,GenePoint,true
Opportunity 659,"$146,365",Negotiation/Review,"United Oil & Gas, Singapore",false
Opportunity 144,"$146,315",Closed Won,"United Oil & Gas, UK",true
Opportunity 95,"$146,277",Closed Won,Burlington Textiles Corp of America,true
Opportunity 559,"$146,222",Id. Decision Makers,Burlington Textiles Corp of America,false
Opportunity 655,"$146,216",Negotiation/Review,United Oil & Gas Corp.,false
Opportunity 308,"$146,186",Proposal/Price Quote,GenePoint,false
Opportunity 465,"$146,102",Prospecting,"United Oil & Gas, UK",false
Opportunity 120,"$145,992",Closed Won,GenePoint,true
Opportunity 297,"$145,752",Proposal/Price Quote,Dickenson plc,false
Opportunity 514,"$145,590",Closed Won,"United Oil & Gas, Singapore",true
Opportunity 167,"$145,585",Closed Won,United Oil & Gas Corp.,true
Opportunity 203,"$145,577",Value Proposition,Edge Communications,false
Opportunity 633,"$145,483",Closed Won,Burlington Textiles Corp of America,true
Opportunity 128,"$145,478",Closed Won,Express Logistics and Transport,true
Opportunity 97,"$144,790",Closed Won,Dickenson plc,true
Opportunity 185,"$144,299",Value Proposition,Edge Communications,false
Opportunity 663,"$144,119",Needs Analysis,"United Oil & Gas, UK",false
Opportunity 296,"$144,068",Proposal/Price Quote,GenePoint,false
Opportunity 248,"$143,954",Value Proposition,Burlington Textiles Corp of America,false
Opportunity 182,"$143,700",Value Proposition,GenePoint,false
Opportunity 64,"$143,567",Closed Won,sForce,true
Opportunity 86,"$143,560",Closed Won,Express Logistics and Transport,true
Opportunity 220,"$143,375",Value Proposition,Edge Communications,false
Opportunity 279,"$143,211",Proposal/Price Quote,GenePoint,false
Opportunity 583,"$142,950",Closed Won,Express Logistics and Transport,true
Opportunity 319,"$141,790",Proposal/Price Quote,sForce,false
Opportunity 12,"$141,588",Closed Won,Express Logistics and Transport,true
Opportunity 481,"$141,510",Id. Decision Makers,University of Arizona,false
Opportunity 122,"$141,408",Closed Won,"United Oil & Gas, Singapore",true
Opportunity 83,"$141,158",Closed Won,Pyramid Construction Inc.,true
Opportunity 198,"$141,098",Value Proposition,Edge Communications,false
Opportunity 257,"$141,079",Closed Won,Edge Communications,true
Opportunity 671,"$140,832",Closed Lost,University of Arizona,true
Opportunity 288,"$140,440",Closed Won,University of Arizona,true
Opportunity 321,"$140,398",Proposal/Price Quote,Burlington Textiles Corp of America,false
Opportunity 564,"$140,350",Id. Decision Makers,Burlington Textiles Corp of America,false
Opportunity 249,"$140,275",Value Proposition,GenePoint,false
Opportunity 45,"$140,137",Closed Won,"United Oil & Gas, Singapore",true
Opportunity 553,"$139,901",Id. Decision Makers,GenePoint,false
Opportunity 84,"$139,733",Closed Won,Dickenson plc,true
Opportunity 703,"$139,315",Needs Analysis,Grand Hotels & Resorts Ltd,false
Opportunity 49,"$139,209",Closed Won,Dickenson plc,true
Opportunity 468,"$138,370",Prospecting,Burlington Textiles Corp of America,false
Opportunity 204,"$138,097",Value Proposition,Burlington Textiles Corp of America,false
Opportunity 282,"$138,093",Proposal/Price Quote,Edge Communications,false
Opportunity 660,"$137,671",Needs Analysis,Edge Communications,false
Opportunity 593,"$137,485",Closed Won,"United Oil & Gas, UK",true
Opportunity 550,"$137,397",Id. Decision Makers,"United Oil & Gas, Singapore",false
Opportunity 37,"$137,120",Closed Won,University of Arizona,true
Opportunity 619,"$136,810",Negotiation/Review,Burlington Textiles Corp of America,false
Opportunity 665,"$136,790",Needs Analysis,Edge Communications,false
Opportunity 489,"$136,788",Id. Decision Makers,GenePoint,false
Opportunity 67,"$136,760",Closed Won,"United Oil & Gas, Singapore",true
Opportunity 585,"$136,602",Negotiation/Review,United Oil & Gas Corp.,false
Opportunity 515,"$135,842",Closed Won,Pyramid Construction Inc.,true
Opportunity 506,"$135,794",Id. Decision Makers,Dickenson plc,false
Opportunity 542,"$135,309",Id. Decision Makers,Dickenson plc,false
Opportunity 409,"$135,135",Prospecting,Burlington Textiles Corp of America,false
Opportunity 43,"$135,049",Closed Won,Edge Communications,true
Opportunity 386,"$134,885",Proposal/Price Quote,Grand Hotels & Resorts Ltd,false
Opportunity 155,"$134,844",Closed Won,Edge Communications,true
Opportunity 674,"$134,729",Closed Won,GenePoint,true
Opportunity 317,"$134,718",Proposal/Price Quote,University of Arizona,false
Opportunity 588,"$134,548",Negotiation/Review,"United Oil & Gas, UK",false
Opportunity 161,"$134,236",Closed Won,Burlington Textiles Corp of America,true
Opportunity 570,"$134,191",Negotiation/Review,Pyramid Construction Inc.,false
Opportunity 153,"$133,918",Closed Won,United Oil & Gas Corp.,true
Opportunity 612,"$133,684",Negotiation/Review,"United Oil & Gas, Singapore",false
Opportunity 70,"$133,132",Closed Won,GenePoint,true
Opportunity 58,"$133,019",Closed Won,"United Oil & Gas, Singapore",true
Opportunity 138,"$132,890",Closed Won,University of Arizona,true
Opportunity 370,"$132,550",Proposal/Price Quote,Express Logistics and Transport,false
Opportunity 683,"$132,430",Closed Won,Burlington Textiles Corp of America,true
Opportunity 668,"$132,351",Needs Analysis,Dickenson plc,false
Opportunity 334,"$132,321",Proposal/Price Quote,GenePoint,false
Opportunity 537,"$132,137",Id. Decision Makers,GenePoint,false
Opportunity 96,"$132,012",Closed Won,Pyramid Construction Inc.,true
Opportunity 73,"$132,001",Closed Won,Edge Communications,true
Opportunity 31,"$131,962",Closed Won,GenePoint,true
Opportunity 180,"$131,561",Value Proposition,sForce,false
Opportunity 369,"$131,511",Proposal/Price Quote,Grand Hotels & Resorts Ltd,false
Opportunity 159,"$131,294",Closed Won,Express Logistics and Transport,true
Opportunity 494,"$131,207",Id. Decision Makers,Pyramid Construction Inc.,false
Opportunity 90,"$131,205",Closed Won,"United Oil & Gas, Singapore",true
Opportunity 356,"$131,097",Proposal/Price Quote,Pyramid Construction Inc.,false
Opportunity 348,"$131,096",Proposal/Price Quote,"United Oil & Gas, Singapore",false
Opportunity 62,"$130,993",Closed Won,Pyramid Construction Inc.,true
Opportunity 68,"$130,510",Closed Won,Edge Communications,true
Opportunity 312,"$130,349",Closed Lost,Burlington Textiles Corp of America,true
Opportunity 80,"$129,653",Closed Won,Edge Communications,true
Opportunity 636,"$129,497",Closed Won,Grand Hotels & Resorts Ltd,true
Opportunity 461,"$129,361",Prospecting,"United Oil & Gas, Singapore",false
Opportunity 320,"$129,306",Proposal/Price Quote,Edge Communications,false
Opportunity 587,"$129,142",Negotiation/Review,GenePoint,false
Opportunity 227,"$128,886",Value Proposition,GenePoint,false
Opportunity 258,"$128,879",Closed Won,Burlington Textiles Corp of America,true
Opportunity 135,"$128,712",Closed Won,Edge Communications,true
Opportunity 126,"$128,650",Closed Won,Dickenson plc,true
Opportunity 572,"$128,377",Negotiation/Review,Grand Hotels & Resorts Ltd,false
Opportunity 364,"$128,327",Proposal/Price Quote,"United Oil & Gas, UK",false
Opportunity 158,"$128,269",Closed Won,Grand Hotels & Resorts Ltd,true
Opportunity 567,"$128,222",Id. Decision Makers,"United Oil & Gas, Singapore",false
Opportunity 673,"$128,033",Closed Lost,sForce,true
Opportunity 265,"$127,922",Value Proposition,sForce,false
Opportunity 85,"$127,606",Closed Won,Grand Hotels & Resorts Ltd,true
Opportunity 699,"$127,566",Needs Analysis,Edge Communications,false
Opportunity 111,"$127,448",Closed Won,Express Logistics and Transport,true
Opportunity 566,"$127,430",Id. Decision Makers,"United Oil & Gas, UK",false
Opportunity 418,"$127,267",Prospecting,Express Logistics and Transport,false
Opportunity 624,"$127,171",Closed Lost,GenePoint,true
Opportunity 142,"$126,862",Closed Won,"United Oil & Gas, UK",true
Opportunity 344,"$126,680",Proposal/Price Quote,United Oil & Gas Corp.,false
Opportunity 645,"$126,537",Closed Lost,GenePoint,true
Opportunity 547,"$126,294",Id. Decision Makers,sForce,false
Opportunity 333,"$126,177",Proposal/Price Quote,sForce,false
Opportunity 106,"$125,993",Closed Lost,Edge Communications,true
Opportunity 286,"$125,901",Closed Won,Grand Hotels & Resorts Ltd,true
Opportunity 539,"$125,368",Id. Decision Makers,Edge Communications,false
Opportunity 358,"$125,061",Proposal/Price Quote,Grand Hotels & Resorts Ltd,false
United Oil Office Portable Generators,"$125,000",Negotiation/Review,United Oil & Gas Corp.,false
Opportunity 42,"$124,734",Closed Won,"United Oil & Gas, Singapore",true
Opportunity 146,"$124,400",Closed Won,Edge Communications,true
Opportunity 434,"$124,377",Closed Won,"United Oil & Gas, Singapore",true
Opportunity 396,"$124,226",Prospecting,Edge Communications,false
Opportunity 690,"$124,206",Closed Won,sForce,true
Opportunity 165,"$124,163",Closed Won,Express Logistics and Transport,true
Opportunity 228,"$124,091",Closed Won,"United Oil & Gas, UK",true
Opportunity 361,"$124,048",Proposal/Price Quote,United Oil & Gas Corp.,false
Opportunity 14,"$123,928",Closed Won,GenePoint,true
Opportunity 429,"$123,621",Closed Won,University of Arizona,true
Opportunity 137,"$123,603",Closed Won,Express Logistics and Transport,true
Opportunity 672,"$123,439",Closed Won,United Oil & Gas Corp.,true
Opportunity 495,"$123,400",Id. Decision Makers,GenePoint,false
Opportunity 431,"$123,298",Closed Won,sForce,true
Opportunity 472,"$123,241",Prospecting,Express Logistics and Transport,false
Opportunity 283,"$123,028",Proposal/Price Quote,Burlington Textiles Corp of America,false
Opportunity 705,"$122,382",Needs Analysis,University of Arizona,false
Opportunity 561,"$122,183",Id. Decision Makers,"United Oil & Gas, UK",false
Opportunity 485,"$122,179",Id. Decision Makers,"United Oil & Gas, UK",false
Opportunity 545,"$121,879",Id. Decision Makers,University of Arizona,false
Opportunity 424,"$121,308",Prospecting,"United Oil & Gas, Singapore",false
Opportunity 706,"$121,293",Needs Analysis,United Oil & Gas Corp.,false
Opportunity 199,"$121,161",Value Proposition,Burlington Textiles Corp of America,false
Opportunity 339,"$121,116",Proposal/Price Quote,GenePoint,false
Opportunity 463,"$121,035",Prospecting,Burlington Textiles Corp of America,false
Opportunity 488,"$120,790",Id. Decision Makers,Burlington Textiles Corp of America,false
Opportunity 548,"$120,313",Id. Decision Makers,GenePoint,false
Opportunity 91,"$120,076",Closed Won,"United Oil & Gas, UK",true
Opportunity 347,"$120,004",Proposal/Price Quote,"United Oil & Gas, UK",false
Express Logistics SLA,"$120,000",Perception Analysis,Express Logistics and Transport,false
United Oil SLA,"$120,000",Closed Won,United Oil & Gas Corp.,true
United Oil Standby Generators,"$120,000",Closed Won,United Oil & Gas Corp.,true
Opportunity 200,"$119,697",Value Proposition,GenePoint,false
Opportunity 529,"$119,180",Closed Won,"United Oil & Gas, Singapore",true
Opportunity 565,"$119,172",Id. Decision Makers,GenePoint,false
Opportunity 404,"$118,404",Prospecting,sForce,false
Opportunity 202,"$118,365",Value Proposition,"United Oil & Gas, Singapore",false
Opportunity 271,"$118,365",Proposal/Price Quote,GenePoint,false
Opportunity 436,"$118,344",Closed Won,Burlington Textiles Corp of America,true
Opportunity 177,"$118,000",Value Proposition,Burlington Textiles Corp of America,false
Opportunity 290,"$117,933",Closed Won,sForce,true
Opportunity 201,"$117,614",Value Proposition,"United Oil & Gas, UK",false
Opportunity 9,"$117,372",Closed Won,Burlington Textiles Corp of America,true
Opportunity 331,"$117,271",Proposal/Price Quote,University of Arizona,false
Opportunity 18,"$117,220",Closed Won,sForce,true
Opportunity 689,"$117,128",Closed Won,United Oil & Gas Corp.,true
Opportunity 101,"$116,941",Closed Lost,"United Oil & Gas, UK",true
Opportunity 149,"$116,865",Closed Won,Dickenson plc,true
Opportunity 139,"$116,536",Closed Won,United Oil & Gas Corp.,true
Opportunity 186,"$116,513",Value Proposition,Burlington Textiles Corp of America,false
Opportunity 367,"$116,461",Proposal/Price Quote,Pyramid Construction Inc.,false
Opportunity 117,"$116,439",Closed Won,"United Oil & Gas, Singapore",true
Opportunity 685,"$115,919",Needs Analysis,Dickenson plc,false
Opportunity 453,"$115,422",Prospecting,Dickenson plc,false
Opportunity 13,"$115,220",Closed Won,United Oil & Gas Corp.,true
Opportunity 406,"$114,708",Prospecting,"United Oil & Gas, UK",false
Opportunity 557,"$114,496",Id. Decision Makers,"United Oil & Gas, Singapore",false
Opportunity 521,"$114,320",Closed Won,sForce,true
Opp Brazil 21,"$114,014",Needs Analysis,Pew Pew 2,false
Opportunity 289,"$113,951",Closed Won,United Oil & Gas Corp.,true
Opportunity 686,"$113,867",Needs Analysis,Grand Hotels & Resorts Ltd,false
Opportunity 524,"$113,792",Closed Won,"United Oil & Gas, Singapore",true
Opportunity 311,"$113,783",Proposal/Price Quote,Edge Communications,false
Opportunity 387,"$113,759",Proposal/Price Quote,Express Logistics and Transport,false
Opportunity 649,"$113,548",Closed Won,Burlington Textiles Corp of America,true
Opp Brazil 22,"$113,408",Needs Analysis,PewPew,false
Opportunity 603,"$113,110",Negotiation/Review,Burlington Textiles Corp of America,false
Opportunity 647,"$112,715",Closed Won,"United Oil & Gas, Singapore",true
Opportunity 363,"$112,654",Proposal/Price Quote,GenePoint,false
Opportunity 438,"$112,606",Closed Won,"United Oil & Gas, UK",true
Opportunity 383,"$112,535",Proposal/Price Quote,Burlington Textiles Corp of America,false
Opportunity 531,"$112,418",Closed Won,Burlington Textiles Corp of America,true
Opportunity 346,"$112,013",Proposal/Price Quote,GenePoint,false
Opportunity 616,"$111,917",Negotiation/Review,"United Oil & Gas, UK",false
Opportunity 571,"$111,705",Closed Won,Dickenson plc,true
Opportunity 661,"$111,701",Needs Analysis,Burlington Textiles Corp of America,false
Opportunity 151,"$111,693",Closed Won,Express Logistics and Transport,true
Opportunity 654,"$111,138",Negotiation/Review,University of Arizona,false
Opportunity 643,"$110,756",Closed Lost,"United Oil & Gas, Singapore",true
Opportunity 55,"$110,667",Closed Won,Grand Hotels & Resorts Ltd,true
Opportunity 523,"$110,436",Closed Won,"United Oil & Gas, UK",true
Opportunity 388,"$110,373",Proposal/Price Quote,University of Arizona,false
Opportunity 278,"$110,368",Proposal/Price Quote,Burlington Textiles Corp of America,false
Opportunity 639,"$110,013",Closed Won,United Oil & Gas Corp.,true
Opportunity 154,"$110,004",Closed Won,"United Oil & Gas, Singapore",true
Opportunity 446,"$109,994",Prospecting,University of Arizona,false
Opportunity 240,"$109,688",Value Proposition,"United Oil & Gas, UK",false
Opportunity 148,"$109,551",Closed Won,Pyramid Construction Inc.,true
Opportunity 263,"$109,528",Value Proposition,University of Arizona,false
Opportunity 16,"$109,148",Closed Won,Dickenson plc,true
Opportunity 482,"$109,108",Id. Decision Makers,United Oil & Gas Corp.,false
Opportunity 125,"$109,005",Closed Won,Pyramid Construction Inc.,true
Opportunity 313,"$108,799",Closed Won,Pyramid Construction Inc.,true
Opportunity 535,"$108,638",Id. Decision Makers,Express Logistics and Transport,false
Opportunity 412,"$108,622",Prospecting,"United Oil & Gas, Singapore",false
Opportunity 700,"$108,554",Needs Analysis,Burlington Textiles Corp of America,false
Opportunity 426,"$108,550",Prospecting,Dickenson plc,false
Opportunity 89,"$108,525",Closed Won,"United Oil & Gas, UK",true
Opportunity 28,"$108,131",Closed Won,sForce,true
Opportunity 280,"$108,057",Proposal/Price Quote,"United Oil & Gas, UK",false
Opportunity 35,"$107,834",Closed Won,Grand Hotels & Resorts Ltd,true
Opportunity 205,"$107,628",Value Proposition,Pyramid Construction Inc.,false
Opportunity 193,"$107,469",Value Proposition,"United Oil & Gas, UK",false
Opportunity 445,"$107,463",Prospecting,Express Logistics and Transport,false
Opportunity 458,"$107,310",Prospecting,sForce,false
Opportunity 235,"$107,161",Value Proposition,Express Logistics and Transport,false
Opportunity 462,"$106,999",Prospecting,Edge Communications,false
Opportunity 473,"$106,762",Prospecting,"United Oil & Gas, UK",false
Opportunity 448,"$106,554",Prospecting,sForce,false
Opportunity 596,"$106,391",Closed Lost,Burlington Textiles Corp of America,true
Opportunity 352,"$106,300",Proposal/Price Quote,"United Oil & Gas, UK",false
Opportunity 7,"$106,256",Closed Won,University of Arizona,true
Opportunity 303,"$105,210",Proposal/Price Quote,GenePoint,false
Opportunity 505,"$104,832",Id. Decision Makers,Pyramid Construction Inc.,false
Opportunity 162,"$104,716",Closed Won,Dickenson plc,true
Opportunity 143,"$104,576",Closed Won,GenePoint,true
Opportunity 150,"$104,546",Closed Won,Grand Hotels & Resorts Ltd,true
Opportunity 395,"$104,325",Prospecting,"United Oil & Gas, Singapore",false
Opportunity 422,"$103,560",Prospecting,GenePoint,false
Opportunity 196,"$103,538",Value Proposition,"United Oil & Gas, UK",false
Opportunity 130,"$103,394",Closed Won,United Oil & Gas Corp.,true
Opportunity 573,"$103,314",Negotiation/Review,Express Logistics and Transport,false
Opportunity 116,"$103,222",Closed Won,"United Oil & Gas, UK",true
Opportunity 595,"$103,164",Closed Lost,Edge Communications,true
Opportunity 644,"$103,044",Closed Lost,Burlington Textiles Corp of America,true
Opportunity 242,"$102,505",Value Proposition,Edge Communications,false
Opportunity 415,"$101,704",Prospecting,Pyramid Construction Inc.,false
Opportunity 538,"$101,591",Id. Decision Makers,"United Oil & Gas, Singapore",false
Opportunity 414,"$101,549",Prospecting,Burlington Textiles Corp of America,false
Opportunity 19,"$101,365",Closed Won,GenePoint,true
Opportunity 75,"$101,205",Closed Won,Edge Communications,true
Opportunity 667,"$101,067",Needs Analysis,Pyramid Construction Inc.,false
Opportunity 259,"$100,922",Value Proposition,Pyramid Construction Inc.,false
Opportunity 188,"$100,885",Value Proposition,Edge Communications,false
Opportunity 401,"$100,660",Prospecting,Express Logistics and Transport,false
Opportunity 568,"$100,584",Negotiation/Review,Edge Communications,false
Opportunity 336,"$100,407",Proposal/Price Quote,"United Oil & Gas, Singapore",false
Opportunity 239,"$100,311",Value Proposition,GenePoint,false
Opportunity 131,"$100,142",Closed Won,sForce,true
Opportunity 359,"$100,069",Proposal/Price Quote,Express Logistics and Transport,false
Opportunity 82,"$100,053",Closed Won,Pyramid Construction Inc.,true
University of AZ Installations,"$100,000",Proposal/Price Quote,University of Arizona,false
Pyramid Emergency Generators,"$100,000",Prospecting,Pyramid Construction Inc.,false
Opportunity 677,"$99,812",Closed Won,Edge Communications,true
Opportunity 47,"$99,652",Closed Won,Burlington Textiles Corp of America,true
Opportunity 589,"$99,477",Needs Analysis,"United Oil & Gas, Singapore",false
Opportunity 549,"$99,319",Id. Decision Makers,"United Oil & Gas, UK",false
Opportunity 501,"$99,138",Id. Decision Makers,"United Oil & Gas, UK",false
Opportunity 315,"$99,062",Proposal/Price Quote,Grand Hotels & Resorts Ltd,false
Opportunity 520,"$98,109",Closed Won,United Oil & Gas Corp.,true
Opportunity 615,"$98,061",Negotiation/Review,GenePoint,false
Opportunity 353,"$97,843",Proposal/Price Quote,"United Oil & Gas, Singapore",false
Opportunity 701,"$97,692",Needs Analysis,Pyramid Construction Inc.,false
Opportunity 532,"$97,622",Closed Won,Pyramid Construction Inc.,true
Opportunity 594,"$97,440",Closed Lost,"United Oil & Gas, Singapore",true
Opportunity 275,"$97,346",Proposal/Price Quote,"United Oil & Gas, UK",false
Opportunity 256,"$97,317",Closed Won,"United Oil & Gas, Singapore",true
Opportunity 268,"$97,020",Proposal/Price Quote,"United Oil & Gas, Singapore",false
Opportunity 169,"$96,962",Closed Won,"United Oil & Gas, UK",true
Opportunity 702,"$96,807",Needs Analysis,Dickenson plc,false
Opportunity 81,"$96,766",Closed Won,Burlington Textiles Corp of America,true
Opportunity 447,"$96,697",Prospecting,United Oil & Gas Corp.,false
Opportunity 592,"$96,491",Closed Won,GenePoint,true
Opportunity 306,"$96,142",Proposal/Price Quote,Edge Communications,false
Opportunity 254,"$95,928",Value Proposition,GenePoint,false
Opportunity 493,"$95,754",Id. Decision Makers,Burlington Textiles Corp of America,false
Opportunity 427,"$95,396",Prospecting,Grand Hotels & Resorts Ltd,false
Opportunity 115,"$95,373",Closed Won,GenePoint,true
Opportunity 266,"$95,241",Value Proposition,GenePoint,false
Opportunity 389,"$94,591",Proposal/Price Quote,United Oil & Gas Corp.,false
Opportunity 562,"$94,331",Id. Decision Makers,"United Oil & Gas, Singapore",false
Opportunity 179,"$94,325",Value Proposition,United Oil & Gas Corp.,false
Opportunity 513,"$94,240",Closed Won,"United Oil & Gas, UK",true
Opportunity 211,"$94,146",Value Proposition,sForce,false
Opportunity 241,"$94,024",Value Proposition,"United Oil & Gas, Singapore",false
Opportunity 450,"$93,857",Prospecting,Edge Communications,false
Opportunity 510,"$93,579",Closed Won,United Oil & Gas Corp.,true
Opportunity 276,"$93,470",Proposal/Price Quote,"United Oil & Gas, Singapore",false
Opportunity 629,"$92,807",Negotiation/Review,GenePoint,false
Opportunity 197,"$92,705",Value Proposition,"United Oil & Gas, Singapore",false
Opportunity 322,"$92,539",Proposal/Price Quote,GenePoint,false
Opportunity 504,"$92,064",Id. Decision Makers,Burlington Textiles Corp of America,false
Opportunity 625,"$92,003",Closed Won,"United Oil & Gas, UK",true
Opportunity 110,"$91,708",Closed Won,Grand Hotels & Resorts Ltd,true
Opportunity 419,"$90,784",Prospecting,University of Arizona,false
Opportunity 379,"$90,688",Proposal/Price Quote,GenePoint,false
Opportunity 397,"$90,547",Prospecting,Burlington Textiles Corp of America,false
Opportunity 378,"$90,438",Proposal/Price Quote,Burlington Textiles Corp of America,false
Opportunity 578,"$90,383",Negotiation/Review,"United Oil & Gas, UK",false
Opportunity 416,"$90,047",Prospecting,Dickenson plc,false
Grand Hotels SLA,"$90,000",Closed Won,Grand Hotels & Resorts Ltd,true
University of AZ SLA,"$90,000",Closed Won,University of Arizona,true
Opportunity 210,"$89,707",Value Proposition,United Oil & Gas Corp.,false
Opportunity 471,"$89,286",Prospecting,Grand Hotels & Resorts Ltd,false
Opportunity 376,"$89,232",Proposal/Price Quote,"United Oil & Gas, Singapore",false
Opportunity 234,"$88,117",Value Proposition,Grand Hotels & Resorts Ltd,false
Opportunity 632,"$88,067",Negotiation/Review,Edge Communications,false
Opportunity 94,"$87,790",Closed Won,Edge Communications,true
Opportunity 310,"$87,782",Proposal/Price Quote,"United Oil & Gas, Singapore",false
Opportunity 354,"$87,606",Proposal/Price Quote,Edge Communications,false
Opportunity 441,"$87,505",Prospecting,Burlington Textiles Corp of America,false
Opportunity 610,"$87,148",Negotiation/Review,GenePoint,false
Opportunity 187,"$86,851",Value Proposition,"United Oil & Gas, Singapore",false
Opportunity 163,"$86,761",Closed Won,sForce,true
Opportunity 403,"$86,725",Prospecting,United Oil & Gas Corp.,false
Opportunity 656,"$86,534",Negotiation/Review,sForce,false
Opportunity 433,"$86,334",Prospecting,"United Oil & Gas, UK",false
Opportunity 17,"$86,143",Closed Won,United Oil & Gas Corp.,true
Opportunity 287,"$85,965",Closed Won,Express Logistics and Transport,true
Opportunity 408,"$85,909",Prospecting,Edge Communications,false
Opportunity 93,"$85,709",Closed Won,"United Oil & Gas, Singapore",true
Opportunity 109,"$85,478",Closed Won,Dickenson plc,true
Opportunity 586,"$85,440",Closed Won,sForce,true
GenePoint Standby Generator,"$85,000",Closed Won,GenePoint,true
Opportunity 678,"$84,905",Closed Won,Burlington Textiles Corp of America,true
Opportunity 298,"$84,637",Proposal/Price Quote,Grand Hotels & Resorts Ltd,false
Opportunity 247,"$84,516",Value Proposition,Edge Communications,false
Opportunity 3,"$83,994",Closed Won,Burlington Textiles Corp of America,true
Opportunity 611,"$83,853",Negotiation/Review,"United Oil & Gas, UK",false
Opportunity 284,"$83,433",Proposal/Price Quote,Pyramid Construction Inc.,false
Opportunity 621,"$83,143",Negotiation/Review,University of Arizona,false
Opportunity 292,"$82,923",Proposal/Price Quote,"United Oil & Gas, UK",false
Opportunity 23,"$82,713",Closed Won,"United Oil & Gas, Singapore",true
Opportunity 478,"$82,486",Id. Decision Makers,Dickenson plc,false
Opportunity 176,"$82,222",Value Proposition,Edge Communications,false
Opportunity 546,"$82,060",Id. Decision Makers,United Oil & Gas Corp.,false
Opportunity 400,"$81,939",Prospecting,Grand Hotels & Resorts Ltd,false
Opportunity 100,"$81,332",Closed Won,GenePoint,true
Opportunity 694,"$81,218",Needs Analysis,Edge Communications,false
Opportunity 274,"$81,170",Proposal/Price Quote,GenePoint,false
Opportunity 601,"$80,639",Negotiation/Review,"United Oil & Gas, Singapore",false
Opportunity 483,"$80,264",Id. Decision Makers,sForce,false
Opportunity 260,"$80,126",Value Proposition,Dickenson plc,false
Opportunity 24,"$80,057",Closed Won,Dickenson plc,true
Opportunity 294,"$80,022",Proposal/Price Quote,Edge Communications,false
Express Logistics Portable Truck Generators,"$80,000",Value Proposition,Express Logistics and Transport,false
Opportunity 246,"$79,748",Value Proposition,"United Oil & Gas, Singapore",false
Opportunity 602,"$79,587",Negotiation/Review,Edge Communications,false
Opportunity 36,"$79,530",Closed Won,Express Logistics and Transport,true
Opportunity 238,"$79,463",Value Proposition,sForce,false
Opportunity 597,"$79,428",Closed Lost,Pyramid Construction Inc.,true
Opportunity 516,"$79,189",Closed Won,Dickenson plc,true
Opportunity 579,"$78,707",Negotiation/Review,"United Oil & Gas, Singapore",false
Opportunity 428,"$78,479",Closed Won,Express Logistics and Transport,true
Opportunity 281,"$78,232",Proposal/Price Quote,"United Oil & Gas, Singapore",false
Opportunity 174,"$78,146",Value Proposition,"United Oil & Gas, UK",false
Opportunity 61,"$77,921",Closed Won,Burlington Textiles Corp of America,true
Opportunity 371,"$77,873",Proposal/Price Quote,University of Arizona,false
Opportunity 332,"$77,399",Proposal/Price Quote,United Oil & Gas Corp.,false
Opportunity 443,"$77,349",Prospecting,Dickenson plc,false
Opportunity 543,"$77,305",Id. Decision Makers,Grand Hotels & Resorts Ltd,false
Opportunity 262,"$76,974",Value Proposition,Express Logistics and Transport,false
Opportunity 175,"$76,924",Value Proposition,"United Oil & Gas, Singapore",false
Opportunity 255,"$76,911",Closed Won,"United Oil & Gas, UK",true
Opportunity 640,"$76,752",Closed Won,sForce,true
Opportunity 291,"$76,715",Proposal/Price Quote,GenePoint,false
Opportunity 222,"$76,366",Value Proposition,Pyramid Construction Inc.,false
Opportunity 103,"$76,204",Closed Lost,GenePoint,true
Opportunity 340,"$75,716",Proposal/Price Quote,"United Oil & Gas, UK",false
Opportunity 382,"$75,411",Proposal/Price Quote,Edge Communications,false
Opportunity 119,"$75,291",Closed Won,Burlington Textiles Corp of America,true
Opportunity 330,"$75,263",Proposal/Price Quote,Express Logistics and Transport,false
Edge Emergency Generator,"$75,000",Closed Won,Edge Communications,true
Opportunity 618,"$74,963",Negotiation/Review,Edge Communications,false
Opportunity 355,"$74,947",Proposal/Price Quote,Burlington Textiles Corp of America,false
Opportunity 314,"$74,344",Closed Won,Dickenson plc,true
Opportunity 519,"$74,321",Closed Won,University of Arizona,true
Opportunity 190,"$74,176",Value Proposition,Pyramid Construction Inc.,false
Opportunity 392,"$74,032",Proposal/Price Quote,Burlington Textiles Corp of America,false
Opportunity 105,"$73,894",Closed Lost,"United Oil & Gas, Singapore",true
Opportunity 614,"$73,765",Negotiation/Review,Burlington Textiles Corp of America,false
Opportunity 79,"$73,619",Closed Won,"United Oil & Gas, Singapore",true
Opportunity 487,"$73,607",Id. Decision Makers,Edge Communications,false
Opportunity 475,"$73,580",Prospecting,Edge Communications,false
Opportunity 591,"$73,253",Negotiation/Review,Burlington Textiles Corp of America,false
Opportunity 544,"$72,646",Id. Decision Makers,Express Logistics and Transport,false
Opportunity 345,"$72,505",Proposal/Price Quote,sForce,false
Opportunity 92,"$72,107",Closed Won,"United Oil & Gas, Singapore",true
Opportunity 98,"$71,988",Closed Won,Edge Communications,true
Opp Brazil 44,"$71,904",Qualification,PewPew,false
Opportunity 512,"$71,872",Closed Won,GenePoint,true
Opportunity 20,"$71,631",Closed Won,Burlington Textiles Corp of America,true
Opportunity 77,"$71,512",Closed Won,GenePoint,true
Opportunity 107,"$71,354",Closed Lost,Burlington Textiles Corp of America,true
Opportunity 342,"$71,321",Proposal/Price Quote,Edge Communications,false
Opportunity 338,"$71,221",Proposal/Price Quote,Burlington Textiles Corp of America,false
Opportunity 108,"$71,195",Closed Won,Pyramid Construction Inc.,true
Opportunity 301,"$70,945",Closed Won,United Oil & Gas Corp.,true
Opportunity 15,"$70,574",Closed Won,"United Oil & Gas, UK",true
Opportunity 617,"$70,474",Negotiation/Review,"United Oil & Gas, Singapore",false
Opportunity 229,"$70,268",Closed Won,"United Oil & Gas, Singapore",true
Opportunity 442,"$70,139",Prospecting,Pyramid Construction Inc.,false
Opportunity 72,"$70,025",Closed Won,"United Oil & Gas, Singapore",true
Opportunity 405,"$69,969",Prospecting,GenePoint,false
Opportunity 576,"$69,505",Negotiation/Review,sForce,false
Opportunity 440,"$69,446",Prospecting,Edge Communications,false
Opportunity 384,"$69,444",Proposal/Price Quote,Pyramid Construction Inc.,false
Opportunity 522,"$69,432",Closed Won,GenePoint,true
Opportunity 575,"$69,177",Negotiation/Review,United Oil & Gas Corp.,false
Opportunity 469,"$69,075",Prospecting,Pyramid Construction Inc.,false
Opportunity 410,"$68,920",Prospecting,GenePoint,false
Opportunity 104,"$68,757",Closed Lost,"United Oil & Gas, UK",true
Opportunity 160,"$68,518",Closed Won,University of Arizona,true
Opportunity 670,"$68,266",Closed Won,Express Logistics and Transport,true
Opportunity 33,"$68,172",Closed Won,Burlington Textiles Corp of America,true
Opportunity 44,"$67,739",Closed Won,"United Oil & Gas, UK",true
Opportunity 651,"$67,626",Negotiation/Review,Dickenson plc,false
Opportunity 46,"$67,611",Closed Won,Edge Communications,true
Opportunity 399,"$67,576",Prospecting,Dickenson plc,false
Opportunity 273,"$67,562",Proposal/Price Quote,sForce,false
Opportunity 195,"$67,333",Value Proposition,GenePoint,false
Opportunity 627,"$67,279",Closed Lost,Edge Communications,true
Opportunity 172,"$66,994",Value Proposition,Burlington Textiles Corp of America,false
Opportunity 305,"$66,901",Proposal/Price Quote,"United Oil & Gas, Singapore",false
Opportunity 34,"$66,828",Closed Won,Pyramid Construction Inc.,true
Opportunity 527,"$66,828",Closed Won,GenePoint,true
Opportunity 456,"$66,813",Prospecting,University of Arizona,false
Opportunity 556,"$66,587",Closed Lost,"United Oil & Gas, UK",true
Opportunity 580,"$66,415",Negotiation/Review,Pyramid Construction Inc.,false
Opportunity 253,"$66,411",Value Proposition,Burlington Textiles Corp of America,false
Opportunity 687,"$66,037",Needs Analysis,Express Logistics and Transport,false
Opportunity 697,"$66,010",Value Proposition,"United Oil & Gas, UK",false
Opportunity 496,"$65,589",Id. Decision Makers,"United Oil & Gas, UK",false
Opportunity 327,"$65,538",Proposal/Price Quote,Pyramid Construction Inc.,false
Opportunity 581,"$65,498",Negotiation/Review,Dickenson plc,false
Opportunity 664,"$65,372",Needs Analysis,"United Oil & Gas, Singapore",false
Opportunity 264,"$65,308",Value Proposition,United Oil & Gas Corp.,false
Opportunity 637,"$64,938",Closed Won,Express Logistics and Transport,true
Opportunity 606,"$64,777",Negotiation/Review,Express Logistics and Transport,false
Opportunity 26,"$64,749",Closed Won,Express Logistics and Transport,true
Opportunity 474,"$64,518",Prospecting,"United Oil & Gas, Singapore",false
Opportunity 509,"$64,112",Id. Decision Makers,University of Arizona,false
Opportunity 145,"$63,925",Closed Won,"United Oil & Gas, Singapore",true
Opportunity 171,"$63,907",Closed Won,Edge Communications,true
Opportunity 381,"$63,080",Proposal/Price Quote,"United Oil & Gas, Singapore",false
Opportunity 11,"$62,820",Closed Won,Grand Hotels & Resorts Ltd,true
Opportunity 682,"$62,717",Closed Won,Edge Communications,true
Opportunity 552,"$62,663",Id. Decision Makers,Burlington Textiles Corp of America,false
Opportunity 351,"$62,636",Proposal/Price Quote,GenePoint,false
Opportunity 295,"$62,170",Proposal/Price Quote,Burlington Textiles Corp of America,false
Opportunity 631,"$62,082",Negotiation/Review,"United Oil & Gas, Singapore",false
Opportunity 526,"$62,058",Closed Won,Burlington Textiles Corp of America,true
Opportunity 684,"$61,861",Needs Analysis,Pyramid Construction Inc.,false
Opportunity 604,"$61,826",Negotiation/Review,Pyramid Construction Inc.,false
Opportunity 300,"$61,762",Closed Won,University of Arizona,true
Opportunity 349,"$61,639",Proposal/Price Quote,Edge Communications,false
Opportunity 507,"$61,179",Id. Decision Makers,Grand Hotels & Resorts Ltd,false
Opportunity 499,"$60,954",Id. Decision Makers,Burlington Textiles Corp of America,false
Opportunity 498,"$60,948",Id. Decision Makers,Edge Communications,false
Opportunity 681,"$60,935",Closed Won,"United Oil & Gas, Singapore",true
Opportunity 59,"$60,757",Closed Won,Edge Communications,true
Opportunity 480,"$60,701",Id. Decision Makers,Express Logistics and Transport,false
Opportunity 293,"$60,424",Proposal/Price Quote,"United Oil & Gas, Singapore",false
Opportunity 191,"$60,423",Value Proposition,Burlington Textiles Corp of America,false
Opportunity 630,"$60,421",Negotiation/Review,"United Oil & Gas, UK",false
Opportunity 692,"$60,374",Needs Analysis,"United Oil & Gas, UK",false
Opportunity 27,"$60,196",Closed Won,University of Arizona,true
Edge SLA,"$60,000",Closed Won,Edge Communications,true
GenePoint Lab Generators,"$60,000",Id. Decision Makers,GenePoint,false
Opportunity 555,"$59,551",Closed Lost,Burlington Textiles Corp of America,true
Opportunity 609,"$59,547",Negotiation/Review,sForce,false
Opportunity 590,"$59,260",Closed Lost,Edge Communications,true
Opportunity 511,"$59,204",Closed Won,sForce,true
Opportunity 680,"$59,203",Closed Won,"United Oil & Gas, UK",true
Opportunity 307,"$59,091",Proposal/Price Quote,Burlington Textiles Corp of America,false
Opportunity 133,"$58,922",Closed Won,"United Oil & Gas, UK",true
Opportunity 60,"$58,798",Closed Won,Edge Communications,true
Opportunity 525,"$58,379",Closed Won,Edge Communications,true
Opportunity 76,"$58,367",Closed Won,Burlington Textiles Corp of America,true
Opportunity 215,"$58,310",Value Proposition,Edge Communications,false
Opportunity 48,"$57,789",Closed Won,Pyramid Construction Inc.,true
Opportunity 484,"$57,754",Id. Decision Makers,GenePoint,false
Opportunity 207,"$57,719",Value Proposition,Grand Hotels & Resorts Ltd,false
Opportunity 451,"$57,545",Prospecting,Burlington Textiles Corp of America,false
Opportunity 533,"$57,462",Closed Won,Dickenson plc,true
Opportunity 181,"$57,383",Value Proposition,GenePoint,false
Opportunity 444,"$57,292",Prospecting,Grand Hotels & Resorts Ltd,false
Opportunity 206,"$57,029",Value Proposition,Dickenson plc,false
Opportunity 452,"$56,974",Prospecting,Pyramid Construction Inc.,false
Opportunity 486,"$56,966",Id. Decision Makers,"United Oil & Gas, Singapore",false
Opportunity 132,"$56,849",Closed Won,GenePoint,true
Opportunity 500,"$56,549",Id. Decision Makers,GenePoint,false
Opportunity 695,"$56,096",Needs Analysis,Burlington Textiles Corp of America,false
Opportunity 168,"$56,070",Closed Won,GenePoint,true
Opportunity 325,"$55,878",Proposal/Price Quote,Edge Communications,false
Opportunity 439,"$55,733",Prospecting,"United Oil & Gas, Singapore",false
Opportunity 277,"$55,640",Proposal/Price Quote,Edge Communications,false
Opportunity 421,"$55,442",Prospecting,sForce,false
Opportunity 688,"$55,417",Closed Won,University of Arizona,true
Opportunity 129,"$55,397",Closed Won,University of Arizona,true
Opportunity 437,"$55,226",Prospecting,GenePoint,false
Opportunity 71,"$55,163",Closed Won,"United Oil & Gas, UK",true
Opportunity 398,"$55,082",Prospecting,Pyramid Construction Inc.,false
Opportunity 391,"$54,787",Proposal/Price Quote,Edge Communications,false
Opportunity 192,"$54,629",Value Proposition,GenePoint,false
Opportunity 232,"$54,595",Closed Won,Pyramid Construction Inc.,true
Opportunity 372,"$54,568",Proposal/Price Quote,United Oil & Gas Corp.,false
Opportunity 1,"$54,506",Closed Won,United Oil & Gas Corp.,true
Opportunity 183,"$54,410",Value Proposition,"United Oil & Gas, UK",false
Opportunity 337,"$53,911",Proposal/Price Quote,Edge Communications,false
Opportunity 563,"$53,706",Id. Decision Makers,Edge Communications,false
Opportunity 634,"$53,601",Negotiation/Review,Pyramid Construction Inc.,false
Opportunity 189,"$53,497",Value Proposition,Burlington Textiles Corp of America,false
Opportunity 285,"$53,432",Closed Won,Dickenson plc,true
Opportunity 99,"$53,419",Closed Won,Burlington Textiles Corp of America,true
Opportunity 57,"$52,949",Closed Won,"United Oil & Gas, UK",true
Opportunity 541,"$52,846",Id. Decision Makers,Pyramid Construction Inc.,false
Opportunity 540,"$52,247",Id. Decision Makers,Burlington Textiles Corp of America,false
Opportunity 497,"$52,176",Id. Decision Makers,"United Oil & Gas, Singapore",false
Opportunity 435,"$52,156",Prospecting,Edge Communications,false
Opportunity 173,"$52,077",Closed Won,GenePoint,true
Opportunity 652,"$51,902",Negotiation/Review,Grand Hotels & Resorts Ltd,false
Opportunity 430,"$51,659",Prospecting,United Oil & Gas Corp.,false
Opportunity 642,"$51,560",Negotiation/Review,"United Oil & Gas, UK",false
Opportunity 25,"$51,292",Closed Won,Grand Hotels & Resorts Ltd,true
Opportunity 466,"$51,004",Prospecting,"United Oil & Gas, Singapore",false
Opportunity 676,"$50,949",Closed Won,"United Oil & Gas, Singapore",true
Opportunity 653,"$50,515",Negotiation/Review,Express Logistics and Transport,false
Opportunity 662,"$50,459",Needs Analysis,GenePoint,false
Opportunity 530,"$50,417",Closed Won,Edge Communications,true
Opportunity 32,"$50,375",Closed Won,Edge Communications,true
Edge Installation,"$50,000",Closed Won,Edge Communications,true
Opportunity 393,"$49,536",Proposal/Price Quote,GenePoint,false
Opportunity 244,"$49,445",Value Proposition,GenePoint,false
Opportunity 29,"$49,164",Closed Won,"United Oil & Gas, UK",true
Opportunity 502,"$48,540",Closed Won,"United Oil & Gas, Singapore",true
Opportunity 666,"$48,345",Needs Analysis,Burlington Textiles Corp of America,false
Opportunity 39,"$48,308",Closed Won,sForce,true
Opportunity 326,"$47,838",Proposal/Price Quote,Burlington Textiles Corp of America,false
Opportunity 698,"$47,781",Needs Analysis,"United Oil & Gas, Singapore",false
Opportunity 243,"$47,739",Value Proposition,Burlington Textiles Corp of America,false
Opportunity 558,"$47,704",Id. Decision Makers,Edge Communications,false
Opportunity 267,"$47,621",Proposal/Price Quote,"United Oil & Gas, UK",false
Opportunity 491,"$47,582",Id. Decision Makers,"United Oil & Gas, Singapore",false
Opportunity 373,"$47,448",Proposal/Price Quote,sForce,false
Opportunity 455,"$47,107",Prospecting,Express Logistics and Transport,false
Opportunity 223,"$46,807",Value Proposition,Dickenson plc,false
Opportunity 5,"$46,778",Closed Won,Grand Hotels & Resorts Ltd,true
Opportunity 51,"$46,744",Closed Won,sForce,true
Opportunity 224,"$46,208",Value Proposition,Grand Hotels & Resorts Ltd,false
Opportunity 335,"$45,785",Proposal/Price Quote,"United Oil & Gas, UK",false
Opportunity 394,"$45,602",Proposal/Price Quote,"United Oil & Gas, UK",false
Opportunity 503,"$45,395",Closed Won,Edge Communications,true
Opportunity 50,"$45,321",Closed Won,University of Arizona,true
Opportunity 124,"$45,243",Closed Won,Burlington Textiles Corp of America,true
Opportunity 63,"$44,711",Closed Won,United Oil & Gas Corp.,true
Opportunity 233,"$44,649",Closed Won,Dickenson plc,true
Opportunity 343,"$44,384",Proposal/Price Quote,Burlington Textiles Corp of America,false
Opportunity 299,"$44,148",Closed Won,Express Logistics and Transport,true
Opportunity 599,"$44,015",Negotiation/Review,Grand Hotels & Resorts Ltd,false
Opportunity 420,"$43,957",Prospecting,United Oil & Gas Corp.,false
Opportunity 270,"$43,853",Proposal/Price Quote,Burlington Textiles Corp of America,false
Opportunity 626,"$43,487",Closed Won,"United Oil & Gas, Singapore",true
Opportunity 152,"$43,330",Closed Won,University of Arizona,true
babidi,"$42,155",Prospecting,Pew Pew 2,false
Opportunity 316,"$42,063",Proposal/Price Quote,Express Logistics and Transport,false
Opportunity 251,"$42,042",Value Proposition,"United Oil & Gas, Singapore",false
Opportunity 646,"$41,770",Closed Won,"United Oil & Gas, UK",true
Opportunity 357,"$41,385",Proposal/Price Quote,Dickenson plc,false
Opportunity 341,"$41,338",Proposal/Price Quote,"United Oil & Gas, Singapore",false
Opportunity 390,"$41,176",Proposal/Price Quote,sForce,false
Opportunity 269,"$41,027",Proposal/Price Quote,Edge Communications,false
Opportunity 635,"$40,972",Closed Won,Dickenson plc,true
Opportunity 102,"$40,753",Closed Lost,"United Oil & Gas, Singapore",true
Opportunity 598,"$40,685",Negotiation/Review,Dickenson plc,false
Opportunity 457,"$40,510",Prospecting,United Oil & Gas Corp.,false
Opportunity 641,"$40,510",Closed Lost,GenePoint,true
Opportunity 628,"$40,494",Closed Lost,Burlington Textiles Corp of America,true
Opportunity 584,"$40,173",Negotiation/Review,University of Arizona,false
Opportunity 328,"$40,157",Proposal/Price Quote,Dickenson plc,false
Opportunity 675,"$40,132",Needs Analysis,"United Oil & Gas, UK",false
Opportunity 459,"$39,967",Prospecting,GenePoint,false
Opportunity 622,"$39,902",Negotiation/Review,United Oil & Gas Corp.,false
Opportunity 56,"$39,734",Closed Won,Express Logistics and Transport,true
Opportunity 350,"$39,612",Proposal/Price Quote,Burlington Textiles Corp of America,false
Opportunity 613,"$39,036",Negotiation/Review,Edge Communications,false
Opportunity 114,"$38,900",Closed Won,sForce,true
Opportunity 365,"$38,883",Proposal/Price Quote,"United Oil & Gas, Singapore",false
Opportunity 66,"$38,296",Closed Won,"United Oil & Gas, UK",true
Opportunity 470,"$38,042",Prospecting,Dickenson plc,false
Opportunity 638,"$37,922",Closed Won,University of Arizona,true
Opportunity 360,"$37,431",Proposal/Price Quote,University of Arizona,false
Opportunity 704,"$37,395",Needs Analysis,Express Logistics and Transport,false
Opportunity 657,"$37,072",Negotiation/Review,GenePoint,false
Opportunity 184,"$36,863",Value Proposition,"United Oil & Gas, Singapore",false
Opportunity 213,"$36,727",Value Proposition,"United Oil & Gas, UK",false
Opportunity 600,"$36,640",Negotiation/Review,Edge Communications,false
Opportunity 324,"$36,556",Proposal/Price Quote,"United Oil & Gas, Singapore",false
Opportunity 123,"$36,520",Closed Won,Edge Communications,true
Opportunity 219,"$36,324",Value Proposition,"United Oil & Gas, Singapore",false
Opportunity 231,"$36,308",Closed Won,Burlington Textiles Corp of America,true
Opportunity 607,"$36,278",Negotiation/Review,University of Arizona,false
Opportunity 423,"$35,525",Prospecting,"United Oil & Gas, UK",false
Opportunity 467,"$35,498",Prospecting,Edge Communications,false
Opportunity 112,"$35,449",Closed Won,University of Arizona,true
Opportunity 464,"$35,416",Prospecting,GenePoint,false
Opportunity 214,"$35,400",Value Proposition,"United Oil & Gas, Singapore",false
Opportunity 623,"$35,212",Closed Won,sForce,true
Opportunity 65,"$35,002",Closed Won,GenePoint,true
Edge Emergency Generator,"$35,000",Id. Decision Makers,Edge Communications,false
Opportunity 608,"$34,722",Negotiation/Review,United Oil & Gas Corp.,false
Opportunity 413,"$34,663",Prospecting,Edge Communications,false
Opportunity 407,"$34,346",Prospecting,"United Oil & Gas, Singapore",false
Opportunity 230,"$34,076",Closed Won,Edge Communications,true
Opportunity 368,"$33,913",Proposal/Price Quote,Dickenson plc,false
Opportunity 127,"$33,732",Closed Won,Grand Hotels & Resorts Ltd,true
Opportunity 528,"$33,689",Closed Won,"United Oil & Gas, UK",true
Opportunity 212,"$33,664",Value Proposition,GenePoint,false
Opportunity 40,"$32,906",Closed Won,GenePoint,true
Opportunity 10,"$32,853",Closed Won,GenePoint,true
Opportunity 141,"$32,811",Closed Won,GenePoint,true
Opportunity 460,"$32,801",Prospecting,"United Oil & Gas, UK",false
Opportunity 569,"$32,522",Negotiation/Review,Burlington Textiles Corp of America,false
Opportunity 6,"$32,386",Closed Won,Express Logistics and Transport,true
Opportunity 178,"$31,952",Value Proposition,"United Oil & Gas, UK",false
Opportunity 74,"$31,917",Closed Won,Burlington Textiles Corp of America,true
Opportunity 658,"$31,844",Negotiation/Review,"United Oil & Gas, UK",false
Opportunity 218,"$31,723",Value Proposition,"United Oil & Gas, UK",false
Opportunity 693,"$31,700",Needs Analysis,"United Oil & Gas, Singapore",false
Opportunity 217,"$31,268",Value Proposition,GenePoint,false
Opportunity 536,"$31,222",Id. Decision Makers,University of Arizona,false
Opportunity 30,"$30,995",Closed Won,sForce,true
Opportunity 582,"$30,974",Negotiation/Review,Grand Hotels & Resorts Ltd,false
Opportunity 605,"$30,974",Negotiation/Review,Dickenson plc,false
Opportunity 52,"$30,941",Closed Won,"United Oil & Gas, Singapore",true
Opportunity 417,"$30,829",Prospecting,Grand Hotels & Resorts Ltd,false
Opportunity 208,"$30,726",Value Proposition,Express Logistics and Transport,false
Opportunity 22,"$30,407",Closed Won,"United Oil & Gas, UK",true
Opportunity 41,"$30,375",Closed Won,"United Oil & Gas, UK",true
Opportunity 560,"$30,253",Id. Decision Makers,GenePoint,false
Opportunity 156,"$30,057",Closed Won,Pyramid Construction Inc.,true
Opportunity 53,"$29,220",Closed Won,Dickenson plc,true
Opportunity 323,"$29,133",Proposal/Price Quote,"United Oil & Gas, UK",false
Opportunity 221,"$28,646",Value Proposition,Burlington Textiles Corp of America,false
Opportunity 194,"$28,441",Value Proposition,sForce,false
Opportunity 679,"$28,372",Closed Won,GenePoint,true
Opportunity 250,"$28,144",Closed Won,"United Oil & Gas, UK",true
Opportunity 134,"$27,986",Closed Won,"United Oil & Gas, Singapore",true
Opportunity 402,"$27,890",Prospecting,University of Arizona,false
Opportunity 113,"$27,776",Closed Won,United Oil & Gas Corp.,true
Opportunity 157,"$27,715",Closed Won,Dickenson plc,true
Opportunity 54,"$27,593",Closed Won,University of Arizona,true
Opportunity 304,"$27,174",Closed Won,"United Oil & Gas, UK",true
Opportunity 551,"$27,037",Id. Decision Makers,Edge Communications,false
Opportunity 479,"$26,949",Id. Decision Makers,Grand Hotels & Resorts Ltd,false
Opportunity 508,"$26,752",Id. Decision Makers,Express Logistics and Transport,false
Opportunity 87,"$26,696",Closed Won,University of Arizona,true
Opportunity 245,"$26,692",Value Proposition,"United Oil & Gas, UK",false
Opportunity 477,"$26,032",Id. Decision Makers,Pyramid Construction Inc.,false
Opportunity 696,"$25,969",Needs Analysis,GenePoint,false
Opportunity 272,"$25,933",Proposal/Price Quote,"United Oil & Gas, UK",false
Opportunity 518,"$25,851",Closed Won,Express Logistics and Transport,true
Opportunity 121,"$25,810",Closed Won,"United Oil & Gas, UK",true
Opportunity 375,"$25,803",Proposal/Price Quote,"United Oil & Gas, UK",false
Opportunity 318,"$24,902",Proposal/Price Quote,United Oil & Gas Corp.,false
Opportunity 302,"$24,560",Closed Won,sForce,true
Opportunity 362,"$24,521",Proposal/Price Quote,sForce,false
Opportunity 209,"$24,226",Value Proposition,University of Arizona,false
Opportunity 490,"$23,584",Id. Decision Makers,"United Oil & Gas, UK",false
Opportunity 377,"$23,296",Proposal/Price Quote,Edge Communications,false
Opportunity 620,"$22,661",Negotiation/Review,Express Logistics and Transport,false
Opportunity 517,"$22,411",Closed Won,Grand Hotels & Resorts Ltd,true
Opportunity 118,"$22,293",Closed Won,Edge Communications,true
Opportunity 454,"$22,066",Prospecting,Grand Hotels & Resorts Ltd,false
Opportunity 648,"$22,055",Closed Won,Edge Communications,true
Opportunity 216,"$21,664",Value Proposition,Burlington Textiles Corp of America,false
Opportunity 170,"$21,663",Closed Won,"United Oil & Gas, Singapore",true
Opportunity 574,"$21,142",Negotiation/Review,University of Arizona,false
Opportunity 650,"$21,028",Negotiation/Review,Pyramid Construction Inc.,false
Opportunity 691,"$20,811",Needs Analysis,GenePoint,false
Opportunity 492,"$20,757",Id. Decision Makers,Edge Communications,false
Opportunity 38,"$20,537",Closed Won,United Oil & Gas Corp.,true
Opportunity 366,"$20,371",Proposal/Price Quote,Edge Communications,false
Opportunity 236,"$20,252",Value Proposition,University of Arizona,false
Opportunity 226,"$20,019",Value Proposition,Burlington Textiles Corp of America,false
Dickenson Mobile Generators,"$15,000",Qualification,Dickenson plc,false
