County,Population,Year
APPLING,1000 - 2500,1880
BAKER,5000 - 10000,1880
BALDWIN,5000 - 10000,1880
BANKS,1000 - 2500,1880
BARTOW,5000 - 10000,1880
BERRIEN,> 1000,1880
BIBB,15000 - 20000,1880
BROOKS,5000 - 10000,1880
BRYAN,2500 - 5000,1880
BULLOCH,1000 - 2500,1880
BURKE,20000 - 30000,1880
BUTTS,2500 - 5000,1880
CALHOUN,2500 - 5000,1880
CAMDEN,2500 - 5000,1880
CAMPBELL,2500 - 5000,1880
CARROLL,1000 - 2500,1880
CATOOSA,> 1000,1880
CHARLTON,> 1000,1880
CHATHAM,20000 - 30000,1880
CHATTAHOOCHEE,2500 - 5000,1880
CHATTOOGA,1000 - 2500,1880
CHEROKEE,1000 - 2500,1880
CLARKE,5000 - 10000,1880
CLAY,2500 - 5000,1880
CLAYTON,2500 - 5000,1880
CLINCH,> 1000,1880
COBB,5000 - 10000,1880
COFFEE,1000 - 2500,1880
COLQUITT,> 1000,1880
COLUMBIA,5000 - 10000,1880
COWETA,10000 - 15000,1880
CRAWFORD,2500 - 5000,1880
DADE,1000 - 2500,1880
DAWSON,> 1000,1880
DECATUR,10000 - 15000,1880
DEKALB,2500 - 5000,1880
DODGE,1000 - 2500,1880
DOOLY,5000 - 10000,1880
DOUGHERTY,10000 - 15000,1880
DOUGLAS,1000 - 2500,1880
EARLY,2500 - 5000,1880
ECHOLS,> 1000,1880
EFFINGHAM,2500 - 5000,1880
ELBERT,5000 - 10000,1880
EMANUEL,2500 - 5000,1880
FANNIN,> 1000,1880
FAYETTE,2500 - 5000,1880
FLOYD,5000 - 10000,1880
FORSYTH,1000 - 2500,1880
FRANKLIN,2500 - 5000,1880
FULTON,20000 - 30000,1880
GILMER,> 1000,1880
GLASCOCK,1000 - 2500,1880
GLYNN,2500 - 5000,1880
GORDON,1000 - 2500,1880
GREENE,10000 - 15000,1880
GWINNETT,2500 - 5000,1880
HABERSHAM,1000 - 2500,1880
HALL,1000 - 2500,1880
HANCOCK,10000 - 15000,1880
HARALSON,> 1000,1880
HARRIS,5000 - 10000,1880
HART,2500 - 5000,1880
HEARD,2500 - 5000,1880
HENRY,5000 - 10000,1880
HOUSTON,15000 - 20000,1880
IRWIN,> 1000,1880
JACKSON,5000 - 10000,1880
JASPER,5000 - 10000,1880
JEFFERSON,10000 - 15000,1880
JOHNSON,1000 - 2500,1880
JONES,5000 - 10000,1880
LAURENS,2500 - 5000,1880
LEE,5000 - 10000,1880
LIBERTY,5000 - 10000,1880
LINCOLN,2500 - 5000,1880
LOWNDES,5000 - 10000,1880
LUMPKIN,> 1000,1880
MACON,5000 - 10000,1880
MADISON,2500 - 5000,1880
MARION,2500 - 5000,1880
McDUFFIE,5000 - 10000,1880
McINTOSH,2500 - 5000,1880
MERIWETHER,5000 - 10000,1880
MILLER,1000 - 2500,1880
MILTON,> 1000,1880
MITCHELL,5000 - 10000,1880
MONROE,10000 - 15000,1880
MONTGOMERY,1000 - 2500,1880
MORGAN,5000 - 10000,1880
MURRAY,> 1000,1880
MUSCOGEE,10000 - 15000,1880
NEWTON,5000 - 10000,1880
OCONEE,2500 - 5000,1880
OGLETHORPE,5000 - 10000,1880
PAULDING,> 1000,1880
PICKENS,> 1000,1880
PIERCE,1000 - 2500,1880
PIKE,5000 - 10000,1880
POLK,2500 - 5000,1880
PULASKI,5000 - 10000,1880
PUTNAM,10000 - 15000,1880
QUITMAN,2500 - 5000,1880
RABUN,> 1000,1880
RANDOLPH,5000 - 10000,1880
RICHMOND,15000 - 20000,1880
ROCKDALE,2500 - 5000,1880
SCHLEY,2500 - 5000,1880
SCREVEN,5000 - 10000,1880
SPALDING,5000 - 10000,1880
STEWART,5000 - 10000,1880
SUMTER,10000 - 15000,1880
TALBOT,5000 - 10000,1880
TALIAFERRO,2500 - 5000,1880
TATTNALL,1000 - 2500,1880
TAYLOR,2500 - 5000,1880
TELFAIR,1000 - 2500,1880
TERRELL,5000 - 10000,1880
THOMAS,10000 - 15000,1880
TOWNS,> 1000,1880
TROUP,10000 - 15000,1880
TWIGGS,5000 - 10000,1880
UNION,> 1000,1880
UPSON,5000 - 10000,1880
WALKER,1000 - 2500,1880
WALTON,5000 - 10000,1880
WARE,1000 - 2500,1880
WARREN,5000 - 10000,1880
WASHINGTON,10000 - 15000,1880
WAYNE,1000 - 2500,1880
WEBSTER,2500 - 5000,1880
WHITE,> 1000,1880
WHITFIELD,1000 - 2500,1880
WILCOX,> 1000,1880
WILKES,10000 - 15000,1880
WILKINSON,5000 - 10000,1880
WORTH,1000 - 2500,1880
APPLING,> 1000,1870
BAKER,2500 - 5000,1870
BALDWIN,5000 - 10000,1870
BANKS,> 1000,1870
BARTOW,2500 - 5000,1870
BERRIEN,> 1000,1870
BIBB,10000 - 15000,1870
BROOKS,2500 - 5000,1870
BRYAN,2500 - 5000,1870
BULLOCH,1000 - 2500,1870
BURKE,10000 - 15000,1870
BUTTS,2500 - 5000,1870
CALHOUN,2500 - 5000,1870
CAMDEN,2500 - 5000,1870
CAMPBELL,2500 - 5000,1870
CARROLL,1000 - 2500,1870
CATOOSA,> 1000,1870
CHARLTON,> 1000,1870
CHATHAM,20000 - 30000,1870
CHATTAHOOCHEE,2500 - 5000,1870
CHATTOOGA,1000 - 2500,1870
CHEROKEE,1000 - 2500,1870
CLARKE,5000 - 10000,1870
CLAY,2500 - 5000,1870
CLAYTON,1000 - 2500,1870
CLINCH,> 1000,1870
COBB,2500 - 5000,1870
COFFEE,> 1000,1870
COLQUITT,> 1000,1870
COLUMBIA,5000 - 10000,1870
COWETA,5000 - 10000,1870
CRAWFORD,2500 - 5000,1870
DADE,> 1000,1870
DAWSON,> 1000,1870
DECATUR,5000 - 10000,1870
DEKALB,2500 - 5000,1870
DODGE,,1870
DOOLY,2500 - 5000,1870
DOUGHERTY,5000 - 10000,1870
DOUGLAS,,1870
EARLY,2500 - 5000,1870
ECHOLS,> 1000,1870
EFFINGHAM,1000 - 2500,1870
ELBERT,2500 - 5000,1870
EMANUEL,1000 - 2500,1870
FANNIN,> 1000,1870
FAYETTE,2500 - 5000,1870
FLOYD,5000 - 10000,1870
FORSYTH,1000 - 2500,1870
FRANKLIN,1000 - 2500,1870
FULTON,15000 - 20000,1870
GILMER,> 1000,1870
GLASCOCK,> 1000,1870
GLYNN,2500 - 5000,1870
GORDON,1000 - 2500,1870
GREENE,5000 - 10000,1870
GWINNETT,1000 - 2500,1870
HABERSHAM,> 1000,1870
HALL,1000 - 2500,1870
HANCOCK,5000 - 10000,1870
HARALSON,> 1000,1870
HARRIS,5000 - 10000,1870
HART,1000 - 2500,1870
HEARD,2500 - 5000,1870
HENRY,2500 - 5000,1870
HOUSTON,15000 - 20000,1870
IRWIN,> 1000,1870
JACKSON,2500 - 5000,1870
JASPER,5000 - 10000,1870
JEFFERSON,5000 - 10000,1870
JOHNSON,> 1000,1870
JONES,5000 - 10000,1870
LAURENS,2500 - 5000,1870
LEE,5000 - 10000,1870
LIBERTY,5000 - 10000,1870
LINCOLN,2500 - 5000,1870
LOWNDES,2500 - 5000,1870
LUMPKIN,> 1000,1870
MACON,5000 - 10000,1870
MADISON,1000 - 2500,1870
MARION,2500 - 5000,1870
McDUFFIE,,1870
McINTOSH,2500 - 5000,1870
MERIWETHER,5000 - 10000,1870
MILLER,> 1000,1870
MILTON,> 1000,1870
MITCHELL,2500 - 5000,1870
MONROE,10000 - 15000,1870
MONTGOMERY,1000 - 2500,1870
MORGAN,5000 - 10000,1870
MURRAY,> 1000,1870
MUSCOGEE,5000 - 10000,1870
NEWTON,5000 - 10000,1870
OCONEE,,1870
OGLETHORPE,5000 - 10000,1870
PAULDING,> 1000,1870
PICKENS,> 1000,1870
PIERCE,> 1000,1870
PIKE,2500 - 5000,1870
POLK,2500 - 5000,1870
PULASKI,5000 - 10000,1870
PUTNAM,5000 - 10000,1870
QUITMAN,1000 - 2500,1870
RABUN,> 1000,1870
RANDOLPH,5000 - 10000,1870
RICHMOND,10000 - 15000,1870
ROCKDALE,,1870
SCHLEY,2500 - 5000,1870
SCREVEN,2500 - 5000,1870
SPALDING,2500 - 5000,1870
STEWART,5000 - 10000,1870
SUMTER,5000 - 10000,1870
TALBOT,5000 - 10000,1870
TALIAFERRO,2500 - 5000,1870
TATTNALL,1000 - 2500,1870
TAYLOR,2500 - 5000,1870
TELFAIR,1000 - 2500,1870
TERRELL,5000 - 10000,1870
THOMAS,5000 - 10000,1870
TOWNS,> 1000,1870
TROUP,10000 - 15000,1870
TWIGGS,5000 - 10000,1870
UNION,> 1000,1870
UPSON,2500 - 5000,1870
WALKER,1000 - 2500,1870
WALTON,2500 - 5000,1870
WARE,> 1000,1870
WARREN,5000 - 10000,1870
WASHINGTON,5000 - 10000,1870
WAYNE,> 1000,1870
WEBSTER,1000 - 2500,1870
WHITE,> 1000,1870
WHITFIELD,1000 - 2500,1870
WILCOX,> 1000,1870
WILKES,5000 - 10000,1870
WILKINSON,2500 - 5000,1870
WORTH,1000 - 2500,1870
