FIPS,Median_Household_Income_2018
0,61937
1000,49881
1001,59338
1003,57588
1005,34382
1007,46064
1009,50412
1011,29267
1013,37365
1015,45400
1017,39917
1019,42132
1021,47547
1023,39907
1025,40741
1027,39201
1029,46495
1031,55122
1033,49055
1035,32613
1037,42423
1039,40203
1041,39057
1043,45796
1045,45309
1047,34035
1049,39491
1051,60367
1053,38418
1055,44903
1057,39254
1059,39388
1061,37823
1063,28524
1065,34724
1067,46027
1069,47993
1071,41929
1073,55013
1075,40936
1077,48707
1079,43909
1081,48937
1083,64863
1085,33973
1087,32495
1089,63755
1091,37733
1093,37887
1095,46233
1097,43598
1099,39556
1101,49640
1103,52797
1105,26814
1107,37586
1109,37259
1111,40546
1113,39104
1115,57284
1117,75663
1119,27859
1121,41630
1123,42205
1125,52557
1127,45434
1129,44424
1131,25385
1133,41156
2000,74912
2013,70081
2016,82633
2020,82113
2050,44304
2060,77257
2068,75477
2070,54524
2090,74268
2100,58943
2105,51188
2110,79173
2122,65439
2130,68309
2150,74109
2158,32728
2164,49403
2170,74649
2180,55318
2185,89276
2188,59337
2195,66075
2198,49356
2201,
2220,71825
2230,74635
2232,
2240,63527
2261,68528
2275,57832
2280,
2282,59523
2290,38912
4000,59079
4001,33652
4003,49164
4005,60187
4007,43585
4009,50157
4011,65818
4012,37350
4013,65234
4015,45129
4017,40650
4019,53395
4021,58848
4023,40545
4025,48758
4027,44116
5000,47094
5001,43887
5003,41127
5005,39686
5007,68978
5009,44482
5011,37729
5013,44969
5015,45023
5017,31787
5019,45408
5021,37687
5023,44902
5025,47600
5027,40909
5029,44565
5031,45615
5033,47363
5035,42606
5037,41214
5039,37259
5041,36132
5043,42494
5045,53882
5047,43696
5049,35630
5051,43610
5053,52050
5055,46512
5057,38682
5059,47205
5061,40199
5063,45596
5065,37828
5067,36573
5069,38596
5071,39381
5073,35527
5075,40308
5077,28080
5079,44951
5081,43559
5083,41471
5085,56651
5087,42674
5089,36581
5091,42162
5093,36718
5095,32922
5097,38318
5099,37626
5101,36078
5103,37624
5105,45342
5107,29945
5109,41534
5111,37370
5113,39048
5115,45788
5117,43245
5119,49957
5121,37799
5123,33257
5125,63677
5127,35826
5129,31659
5131,46843
5133,44100
5135,36032
5137,34009
5139,45335
5141,40486
5143,50893
5145,44811
5147,34306
5149,41729
6000,75250
6001,101744
6003,55384
6005,58515
6007,50945
6009,62984
6011,57249
6013,101463
6015,48518
6017,81869
6019,52318
6021,47365
6023,49471
6025,46633
6027,53793
6029,51586
6031,58255
6033,45086
6035,57705
6037,67986
6039,53632
6041,122933
6043,51402
6045,51386
6047,56169
6049,45227
6051,66499
6053,69665
6055,85624
6057,66681
6059,89373
6061,89175
6063,55079
6065,66793
6067,69475
6069,80063
6071,63310
6073,78777
6075,110601
6077,63567
6079,70626
6081,122930
6083,75646
6085,125933
6087,84213
6089,53908
6091,52308
6093,47560
6095,82808
6097,81002
6099,59616
6101,57879
6103,47572
6105,40680
6107,48763
6109,56500
6111,84170
6113,67804
6115,47504
8000,71949
8001,70199
8003,42897
8005,76665
8007,53337
8009,38294
8011,37659
8013,83591
8014,96924
8015,56168
8017,54504
8019,74019
8021,38777
8023,31557
8025,35880
8027,55242
8029,46786
8031,68069
8033,47482
8035,120670
8037,86896
8039,98247
8041,67923
8043,47885
8045,74421
8047,72949
8049,69214
8051,61268
8053,62149
8055,38242
8057,51457
8059,85550
8061,44704
8063,48342
8065,51802
8067,66219
8069,71306
8071,41485
8073,46690
8075,53168
8077,51132
8079,60210
8081,59500
8083,50180
8085,52576
8087,55387
8089,40064
8091,68900
8093,72121
8095,52367
8097,89034
8099,42455
8101,48308
8103,63411
8105,44171
8107,81033
8109,36869
8111,46878
8113,69458
8115,40009
8117,80078
8119,64850
8121,47869
8123,75629
8125,53253
9000,76366
9001,91183
9003,73037
9005,76304
9007,88709
9009,67720
9011,67790
9013,89584
9015,65182
10000,65467
10001,54980
10003,69562
10005,59821
11000,82533
11001,82533
12000,55433
12001,51026
12003,52804
12005,51777
12007,45075
12009,57612
12011,57200
12013,38323
12015,52724
12017,41556
12019,62835
12021,70649
12023,46195
12027,37233
12029,37148
12031,55733
12033,50644
12035,58975
12037,40297
12039,42259
12041,42186
12043,38680
12045,45426
12047,36299
12049,39169
12051,44391
12053,45884
12055,39994
12057,58361
12059,38040
12061,58228
12063,39545
12065,46332
12067,42689
12069,52447
12071,56343
12073,51046
12075,39037
12077,40814
12079,38249
12081,59587
12083,44517
12085,61592
12086,52043
12087,67094
12089,66898
12091,62779
12093,42258
12095,58037
12097,50473
12099,61735
12101,53788
12103,52226
12105,51354
12107,39578
12109,81925
12111,53377
12113,69541
12115,61652
12117,67187
12119,55324
12121,38525
12123,42307
12125,45906
12127,50285
12129,58203
12131,60973
12133,39225
13000,58634
13001,42781
13003,36779
13005,38775
13007,38288
13009,42727
13011,55384
13013,61413
13015,57409
13017,35020
13019,39412
13021,41390
13023,46019
13025,41874
13027,36354
13029,79658
13031,43766
13033,42785
13035,48831
13037,33393
13039,56555
13043,35841
13045,52502
13047,55807
13049,40499
13051,54165
13053,46869
13055,39513
13057,82733
13059,42112
13061,30239
13063,46059
13065,37593
13067,78603
13069,39480
13071,38633
13073,82184
13075,38827
13077,70974
13079,48004
13081,36096
13083,48779
13085,68835
13087,38441
13089,63477
13091,35636
13093,37278
13095,38806
13097,60512
13099,34984
13101,38667
13103,65793
13105,39681
13107,37574
13109,37319
13111,43439
13113,95021
13115,44906
13117,105921
13119,42904
13121,70808
13123,47757
13125,42820
13127,53906
13129,49101
13131,41002
13133,54016
13135,72008
13137,51829
13139,61631
13141,31716
13143,47662
13145,74686
13147,47171
13149,46218
13151,72970
13153,60728
13155,38156
13157,68984
13159,51241
13161,37211
13163,38274
13165,31419
13167,34849
13169,55737
13171,48323
13173,41564
13175,42114
13177,66090
13179,47685
13181,46967
13183,46428
13185,41820
13187,55583
13189,42768
13191,42513
13193,32868
13195,51338
13197,39114
13199,38886
13201,42483
13205,36788
13207,59362
13209,41834
13211,57978
13213,46810
13215,46628
13217,56598
13219,99497
13221,51105
13223,73309
13225,46525
13227,65062
13229,44389
13231,66901
13233,43679
13235,40582
13237,51205
13239,33908
13241,44213
13243,28298
13245,40168
13247,59673
13249,45378
13251,39048
13253,36869
13255,43510
13257,45850
13259,33053
13261,37562
13263,37265
13265,34090
13267,41440
13269,36310
13271,34297
13273,35290
13275,41642
13277,45680
13279,37148
13281,45853
13283,35069
13285,45234
13287,33261
13289,42054
13291,45943
13293,40965
13295,43767
13297,65416
13299,38357
13301,38352
13303,39444
13305,44607
13307,38187
13309,32691
13311,51579
13313,47074
13315,35961
13317,39361
13319,41036
13321,48708
15000,80527
15001,56383
15003,83695
15007,73981
15009,78503
16000,55524
16001,66827
16003,45311
16005,51300
16007,53780
16009,48451
16011,50941
16013,76113
16015,56837
16017,51373
16019,60444
16021,47118
16023,50050
16025,53866
16027,53381
16029,61219
16031,51804
16033,48471
16035,46417
16037,47682
16039,49344
16041,58170
16043,51155
16045,49857
16047,51302
16049,40569
16051,61927
16053,54020
16055,56188
16057,49538
16059,44248
16061,44911
16063,50464
16065,41827
16067,53447
16069,54476
16071,52602
16073,48192
16075,51835
16077,51921
16079,36085
16081,68749
16083,51594
16085,60285
16087,43402
17000,65063
17001,55174
17003,35249
17005,54800
17007,74507
17009,55327
17011,56099
17013,56099
17015,51963
17017,52486
17019,53251
17021,52936
17023,54092
17025,45427
17027,66597
17029,47291
17031,63347
17033,52313
17035,60572
17037,63274
17039,55300
17041,56976
17043,93540
17045,51577
17047,51280
17049,60773
17051,47484
17053,55357
17055,42071
17057,51258
17059,43330
17061,47314
17063,79348
17065,53028
17067,53553
17069,41713
17071,53632
17073,58042
17075,55247
17077,41445
17079,54552
17081,47425
17083,59117
17085,56832
17087,53884
17089,79834
17091,53884
17093,93345
17095,44553
17097,87336
17099,54063
17101,43767
17103,54915
17105,59323
17107,52959
17109,42887
17111,86268
17113,67087
17115,50684
17117,53409
17119,60121
17121,46096
17123,57422
17125,48764
17127,43783
17129,74872
17131,58384
17133,88481
17135,53138
17137,48976
17139,59901
17141,61794
17143,56478
17145,49965
17147,67460
17149,47815
17151,43053
17153,38400
17155,66319
17157,53607
17159,48152
17161,52642
17163,58222
17165,40761
17167,62242
17169,52018
17171,55198
17173,56509
17175,52651
17177,47357
17179,61508
17181,49716
17183,44638
17185,53414
17187,53532
17189,66937
17191,50471
17193,49507
17195,57197
17197,86108
17199,46187
17201,53795
17203,72247
18000,55725
18001,56693
18003,54473
18005,63067
18007,51649
18009,45161
18011,85876
18013,60944
18015,57092
18017,48598
18019,56774
18021,52699
18023,51730
18025,44152
18027,55434
18029,66502
18031,57441
18033,58987
18035,43096
18037,62126
18039,59251
18041,47737
18043,64992
18045,53493
18047,62251
18049,52798
18051,56960
18053,45138
18055,46835
18057,101740
18059,73831
18061,60379
18063,80834
18065,50183
18067,55365
18069,53809
18071,55518
18073,66720
18075,48392
18077,51031
18079,51560
18081,69880
18083,48606
18085,57367
18087,67498
18089,55280
18091,52095
18093,53187
18095,49522
18097,48409
18099,55766
18101,55444
18103,47624
18105,48883
18107,53700
18109,66151
18111,53060
18113,61341
18115,58022
18117,44968
18119,49731
18121,49639
18123,52332
18125,54265
18127,69298
18129,68162
18131,49730
18133,54718
18135,46441
18137,57436
18139,53271
18141,54674
18143,44913
18145,57193
18147,56862
18149,49972
18151,58295
18153,47554
18155,47713
18157,52269
18159,60896
18161,50300
18163,50500
18165,49287
18167,48335
18169,51487
18171,60596
18173,75534
18175,44534
18177,45130
18179,60010
18181,58380
18183,67758
19000,60071
19001,54282
19003,51577
19005,53359
19007,44298
19009,51210
19011,62799
19013,52320
19015,63099
19017,74646
19019,59724
19021,52683
19023,57971
19025,54865
19027,60531
19029,50356
19031,67597
19033,51939
19035,56312
19037,64190
19039,52541
19041,56338
19043,53968
19045,51317
19047,54828
19049,87267
19051,54830
19053,41101
19055,61342
19057,51805
19059,55603
19061,60367
19063,51497
19065,50893
19067,53811
19069,59367
19071,54658
19073,51861
19075,65060
19077,60306
19079,56738
19081,60859
19083,55303
19085,60044
19087,55856
19089,53500
19091,60166
19093,60312
19095,64188
19097,54663
19099,60378
19101,46715
19103,64387
19105,55405
19107,52122
19109,55486
19111,48241
19113,64878
19115,49585
19117,49956
19119,69048
19121,74794
19123,56492
19125,63491
19127,59552
19129,64271
19131,59558
19133,50530
19135,56541
19137,49966
19139,58465
19141,53147
19143,60627
19145,54313
19147,55322
19149,66360
19151,55865
19153,68479
19155,56337
19157,56170
19159,48754
19161,56698
19163,59865
19165,58862
19167,70162
19169,57464
19171,56954
19173,47781
19175,49887
19177,47905
19179,48226
19181,78192
19183,65849
19185,46725
19187,52093
19189,54433
19191,61807
19193,60059
19195,58587
19197,54802
20000,58150
20001,44423
20003,50646
20005,49332
20007,47634
20009,49991
20011,41807
20013,47529
20015,65953
20017,50981
20019,41129
20021,44475
20023,43274
20025,51235
20027,52681
20029,44467
20031,58371
20033,46818
20035,47864
20037,43852
20039,44774
20041,50605
20043,50949
20045,57120
20047,46962
20049,37360
20051,53840
20053,50261
20055,56206
20057,56052
20059,58033
20061,50856
20063,49626
20065,41906
20067,61614
20069,65771
20071,51606
20073,43083
20075,51559
20077,45570
20079,57934
20081,60808
20083,54058
20085,56330
20087,69246
20089,44271
20091,87087
20093,63248
20095,56005
20097,64399
20099,44571
20101,59240
20103,70807
20105,44439
20107,47153
20109,50267
20111,47982
20113,58017
20115,51712
20117,51066
20119,67220
20121,71770
20123,51514
20125,42479
20127,49287
20129,53785
20131,59567
20133,46176
20135,51757
20137,47252
20139,53864
20141,46101
20143,56451
20145,47039
20147,47405
20149,69975
20151,52567
20153,46638
20155,49341
20157,48566
20159,51686
20161,47057
20163,47365
20165,44121
20167,45879
20169,53961
20171,63790
20173,56381
20175,50671
20177,53612
20179,50553
20181,45966
20183,41899
20185,47835
20187,60136
20189,58817
20191,56946
20193,55345
20195,48520
20197,59744
20199,51350
20201,48104
20203,59800
20205,45697
20207,43894
20209,47084
21000,50189
21001,37392
21003,44624
21005,60908
21007,47658
21009,42439
21011,44183
21013,29362
21015,77696
21017,48614
21019,48020
21021,47528
21023,56432
21025,31182
21027,47284
21029,61022
21031,43048
21033,43659
21035,41873
21037,60904
21039,41249
21041,47623
21043,32906
21045,34358
21047,40299
21049,50162
21051,28146
21053,31118
21055,43624
21057,33541
21059,51441
21061,43151
21063,35446
21065,35701
21067,55358
21069,42571
21071,33218
21073,53134
21075,32355
21077,49060
21079,51203
21081,53965
21083,46785
21085,40780
21087,36782
21089,49457
21091,56769
21093,52278
21095,29521
21097,51709
21099,37038
21101,51161
21103,53405
21105,44290
21107,45512
21109,35317
21111,55860
21113,59443
21115,39381
21117,64644
21119,32228
21121,30742
21123,45458
21125,41425
21127,36667
21129,29124
21131,31921
21133,32321
21135,35751
21137,42190
21139,48182
21141,46742
21143,48395
21145,48950
21147,30029
21149,48080
21151,51897
21153,30950
21155,45661
21157,52388
21159,28925
21161,41807
21163,57613
21165,34002
21167,53921
21169,35906
21171,35596
21173,46629
21175,35848
21177,43722
21179,55602
21181,41428
21183,44751
21185,102136
21187,48998
21189,26278
21191,54583
21193,33108
21195,37124
21197,37776
21199,41541
21201,45146
21203,37732
21205,41196
21207,34648
21209,73500
21211,66056
21213,51769
21215,85899
21217,45429
21219,51027
21221,49767
21223,51674
21225,47067
21227,53478
21229,50246
21231,33701
21233,47132
21235,36863
21237,30144
21239,66164
22000,48021
22001,40484
22003,44395
22005,77758
22007,48120
22009,37731
22011,57005
22013,34047
22015,56754
22017,40467
22019,50531
22021,40842
22023,57299
22025,35812
22027,33659
22029,35840
22031,44457
22033,52945
22035,27714
22037,45174
22039,34113
22041,34446
22043,43502
22045,42909
22047,47917
22049,40828
22051,50871
22053,44492
22055,57821
22057,52651
22059,45742
22061,36525
22063,63088
22065,28452
22067,34023
22069,36298
22071,38855
22073,44371
22075,58643
22077,46603
22079,48116
22081,36865
22083,35103
22085,36423
22087,43983
22089,67585
22091,38699
22093,53903
22095,50830
22097,36624
22099,46229
22101,39764
22103,67054
22105,47128
22107,28962
22109,51665
22111,43584
22113,48263
22115,47664
22117,36850
22119,35070
22121,58205
22123,39332
22125,60296
22127,40133
23000,55579
23001,49935
23003,39450
23005,71586
23007,49561
23009,52148
23011,52154
23013,56678
23015,56211
23017,44243
23019,47840
23021,40066
23023,65969
23025,43755
23027,49482
23029,39522
23031,65984
24000,83076
24001,43535
24003,97051
24005,75836
24009,106270
24011,56627
24013,95956
24015,72739
24017,92616
24019,48682
24021,95196
24023,49147
24025,87959
24027,116719
24029,55514
24031,107758
24033,82445
24035,93751
24037,89964
24039,42098
24041,64245
24043,62556
24045,54313
24047,59266
24510,50501
25000,79817
25001,69001
25003,58375
25005,66005
25007,70224
25009,76373
25011,58992
25013,52682
25015,74456
25017,100374
25019,97525
25021,100184
25023,89678
25025,68743
25027,71767
26000,56640
26001,39862
26003,47441
26005,62247
26007,42792
26009,56456
26011,42540
26013,43435
26015,64121
26017,50576
26019,51905
26021,51509
26023,50477
26025,48413
26027,55978
26029,54491
26031,48589
26033,47380
26035,39394
26037,70967
26039,46930
26041,49292
26043,52348
26045,66716
26047,58891
26049,48370
26051,44635
26053,39934
26055,64591
26057,48988
26059,50388
26061,42282
26063,45817
26065,52837
26067,61667
26069,41256
26071,40959
26073,47056
26075,52047
26077,55881
26079,46068
26081,61675
26083,51641
26085,36044
26087,65209
26089,67349
26091,55762
26093,84048
26095,43196
26097,46645
26099,62191
26101,47401
26103,54093
26105,51083
26107,45804
26109,46486
26111,58057
26113,48413
26115,62522
26117,50396
26119,40650
26121,49960
26123,48860
26125,80319
26127,50374
26129,41201
26131,40798
26133,45607
26135,38927
26137,51292
26139,70420
26141,45502
26143,38613
26145,48805
26147,56557
26149,52689
26151,46184
26153,44887
26155,54149
26157,51113
26159,57363
26161,72267
26163,46440
26165,46396
27000,70295
27001,44016
27003,82284
27005,59440
27007,47073
27009,61341
27011,51058
27013,58132
27015,60626
27017,60412
27019,104248
27021,48651
27023,53540
27025,82814
27027,65914
27029,51475
27031,54465
27033,51788
27035,53481
27037,86403
27039,75955
27041,60979
27043,52560
27045,58761
27047,52010
27049,67039
27051,54917
27053,76067
27055,59613
27057,55687
27059,73468
27061,53143
27063,57786
27065,56950
27067,60579
27069,54438
27071,46281
27073,52445
27075,61015
27077,52058
27079,67269
27081,51305
27083,57690
27085,61959
27087,43162
27089,58105
27091,50821
27093,66557
27095,53289
27097,57471
27099,53387
27101,59938
27103,66209
27105,55766
27107,48799
27109,76001
27111,53778
27113,57494
27115,50387
27117,55378
27119,60180
27121,60975
27123,62937
27125,54412
27127,56760
27129,59787
27131,67024
27133,63503
27135,60239
27137,53833
27139,101427
27141,81850
27143,66209
27145,60843
27147,65323
27149,61929
27151,51552
27153,58113
27155,49773
27157,63633
27159,46312
27161,58335
27163,95840
27165,51962
27167,61387
27169,56076
27171,87377
27173,56528
28000,44740
28001,33392
28003,40010
28005,38092
28007,36761
28009,35184
28011,33116
28013,39176
28015,42588
28017,37429
28019,38479
28021,29631
28023,41495
28025,38121
28027,29380
28029,38664
28031,36083
28033,68126
28035,39061
28037,39508
28039,47246
28041,42022
28043,39633
28045,49843
28047,45355
28049,44776
28051,26449
28053,28542
28055,26936
28057,45720
28059,51771
28061,36987
28063,28024
28065,31739
28067,42435
28069,33437
28071,49381
28073,58377
28075,40077
28077,40510
28079,37212
28081,51088
28083,29244
28085,43478
28087,44348
28089,75740
28091,36408
28093,40285
28095,44681
28097,36311
28099,36236
28101,40792
28103,32167
28105,39130
28107,39198
28109,45268
28111,39687
28113,33983
28115,44297
28117,41281
28119,27767
28121,66296
28123,38034
28125,28887
28127,38173
28129,46764
28131,44622
28133,31329
28135,32692
28137,48082
28139,39833
28141,41455
28143,33143
28145,46600
28147,33566
28149,46049
28151,33991
28153,37401
28155,43349
28157,29900
28159,39498
28161,39551
28163,33111
29000,54412
29001,40395
29003,57459
29005,49122
29007,44340
29009,42457
29011,41583
29013,45955
29015,40025
29017,44233
29019,55136
29021,52506
29023,38067
29025,47591
29027,53970
29029,48580
29031,51962
29033,47049
29035,34134
29037,71374
29039,37288
29041,48421
29043,58057
29045,46832
29047,68943
29049,58641
29051,62817
29053,52513
29055,42774
29057,41381
29059,38765
29061,51255
29063,48920
29065,39392
29067,36762
29069,37331
29071,58738
29073,52282
29075,43731
29077,44799
29079,40315
29081,40639
29083,44978
29085,35025
29087,47191
29089,45767
29091,36762
29093,37755
29095,55864
29097,46596
29099,65150
29101,52151
29103,39309
29105,44562
29107,53389
29109,45074
29111,48179
29113,62238
29115,44992
29117,48749
29119,40204
29121,45440
29123,40191
29125,46371
29127,49393
29129,46014
29131,47225
29133,34735
29135,57047
29137,46216
29139,48951
29141,45276
29143,38093
29145,49220
29147,46698
29149,32720
29151,58855
29153,34367
29155,31831
29157,53871
29159,45254
29161,43079
29163,43591
29165,82567
29167,45336
29169,52532
29171,40866
29173,57549
29175,44975
29177,58693
29179,36592
29181,32802
29183,82048
29185,37013
29186,59043
29187,45584
29189,66992
29195,43776
29197,39463
29199,42053
29201,44261
29203,32715
29205,44564
29207,40808
29209,46026
29211,41978
29213,40887
29215,34824
29217,42552
29219,62056
29221,38591
29223,33703
29225,51141
29227,43119
29229,35293
29510,43263
30000,55248
30001,47674
30003,40425
30005,39237
30007,52840
30009,53661
30011,47985
30013,50054
30015,44645
30017,50525
30019,44659
30021,56167
30023,45641
30025,62029
30027,49147
30029,54382
30031,67569
30033,44580
30035,37719
30037,38782
30039,48410
30041,50136
30043,68381
30045,50197
30047,44833
30049,63860
30051,42742
30053,40602
30055,43650
30057,53031
30059,44572
30061,43458
30063,56207
30065,43371
30067,61044
30069,41009
30071,44730
30073,42890
30075,47378
30077,48966
30079,42754
30081,50055
30083,67242
30085,40179
30087,57674
30089,39861
30091,51690
30093,47302
30095,66226
30097,52747
30099,48368
30101,46326
30103,50774
30105,48390
30107,38449
30109,49532
30111,59975
31000,59724
31001,55167
31003,55371
31005,46862
31007,53865
31009,44467
31011,51911
31013,57952
31015,42431
31017,46191
31019,59193
31021,57548
31023,57208
31025,75177
31027,64570
31029,54866
31031,49782
31033,53132
31035,56259
31037,55787
31039,59219
31041,49995
31043,55522
31045,47487
31047,56818
31049,47097
31051,54635
31053,51682
31055,64580
31057,48574
31059,56697
31061,48778
31063,43650
31065,49685
31067,49931
31069,39192
31071,46245
31073,59722
31075,56724
31077,45221
31079,53792
31081,60608
31083,49321
31085,47047
31087,43880
31089,55965
31091,46220
31093,52292
31095,47075
31097,52401
31099,64456
31101,52086
31103,48429
31105,46986
31107,47906
31109,58618
31111,56803
31113,55531
31115,47797
31117,53207
31119,55226
31121,56493
31123,49151
31125,47279
31127,52069
31129,46954
31131,60734
31133,45487
31135,57251
31137,59003
31139,57367
31141,63656
31143,59815
31145,49034
31147,47573
31149,48260
31151,54569
31153,79358
31155,67897
31157,50247
31159,71024
31161,43819
31163,47499
31165,50861
31167,66228
31169,51299
31171,48275
31173,45405
31175,48604
31177,77838
31179,55970
31181,45058
31183,53369
31185,61478
32000,58740
32001,58429
32003,57155
32005,70495
32007,79134
32009,50179
32011,70036
32013,72873
32015,79278
32017,55504
32019,59732
32021,44438
32023,47031
32027,42522
32029,68236
32031,63636
32033,58942
32510,56382
33000,75322
33001,64777
33003,59413
33005,60251
33007,44259
33009,65163
33011,78714
33013,74351
33015,93645
33017,69919
33019,60034
34000,81777
34001,60826
34003,100181
34005,84470
34007,67135
34009,62175
34011,51790
34013,62875
34015,81315
34017,73337
34019,112335
34021,79979
34023,87666
34025,99223
34027,112396
34029,68483
34031,71959
34033,64524
34035,119731
34037,92284
34039,80737
34041,77571
35000,47405
35001,51372
35003,34777
35005,43527
35006,38097
35007,41592
35009,47202
35011,35087
35013,38409
35015,58320
35017,38341
35019,29515
35021,37544
35023,39882
35025,51656
35027,45095
35028,124947
35029,30570
35031,33976
35033,34491
35035,42701
35037,33085
35039,41511
35041,41700
35043,57036
35045,46578
35047,35292
35049,60187
35051,31741
35053,33989
35055,38405
35057,39123
35059,40426
35061,46365
36000,67648
36001,64536
36003,46262
36005,38566
36007,50928
36009,48017
36011,52945
36013,45689
36015,52565
36017,50312
36019,55517
36021,64916
36023,51751
36025,47382
36027,79604
36029,56375
36031,54376
36033,48722
36035,51388
36037,58925
36039,54514
36041,59020
36043,53168
36045,52798
36047,60862
36049,52660
36051,61027
36053,59114
36055,60240
36057,43799
36059,115301
36061,84610
36063,55013
36065,54096
36067,59786
36069,62930
36071,75048
36073,52658
36075,53745
36077,54321
36079,100887
36081,68432
36083,71084
36085,79719
36087,88960
36089,49356
36091,83210
36093,63297
36095,57757
36097,50190
36099,54184
36101,54862
36103,100075
36105,51985
36107,60309
36109,57383
36111,63073
36113,56694
36115,55913
36117,61118
36119,94521
36121,57709
36123,51089
37000,53922
37001,50480
37003,49138
37005,39735
37007,38023
37009,41864
37011,41701
37013,46411
37015,35433
37017,36976
37019,60163
37021,53960
37023,44946
37025,69297
37027,43328
37029,65955
37031,55052
37033,45517
37035,53738
37037,73703
37039,41262
37041,42618
37043,42878
37045,42728
37047,36862
37049,50748
37051,46779
37053,64426
37055,64768
37057,47758
37059,60801
37061,42725
37063,59329
37065,38818
37067,50112
37069,57710
37071,52798
37073,51746
37075,39502
37077,58956
37079,43591
37081,52166
37083,36760
37085,51225
37087,47183
37089,54012
37091,38216
37093,47892
37095,40653
37097,60044
37099,44502
37101,60296
37103,43302
37105,48984
37107,40433
37109,62963
37111,43972
37113,46426
37115,44693
37117,43569
37119,64509
37121,43967
37123,47757
37125,59471
37127,50122
37129,53419
37131,37233
37133,50531
37135,71920
37137,46447
37139,46355
37141,54900
37143,48337
37145,50149
37147,43303
37149,50467
37151,48372
37153,38514
37155,35407
37157,41869
37159,46864
37161,42831
37163,42807
37165,36730
37167,51491
37169,50826
37171,46342
37173,43121
37175,51398
37177,36765
37179,80428
37181,40263
37183,80169
37185,38430
37187,36042
37189,48489
37191,41572
37193,44080
37195,44015
37197,49070
37199,44756
38000,65250
38001,53162
38003,54984
38005,42407
38007,76235
38009,59161
38011,62270
38013,63261
38015,72277
38017,63885
38019,60314
38021,53286
38023,58715
38025,66383
38027,51327
38029,47976
38031,58096
38033,58075
38035,54311
38037,41295
38039,54250
38041,51455
38043,45401
38045,54514
38047,50141
38049,54795
38051,47288
38053,76224
38055,64524
38057,82303
38059,68043
38061,67162
38063,50093
38065,68243
38067,58766
38069,47360
38071,54814
38073,61634
38075,60205
38077,61174
38079,42021
38081,64756
38083,39439
38085,37002
38087,49843
38089,71888
38091,66929
38093,57002
38095,51848
38097,59931
38099,59705
38101,63938
38103,58261
38105,79354
39000,56155
39001,42154
39003,50301
39005,54362
39007,46950
39009,40416
39011,63754
39013,48989
39015,55334
39017,61053
39019,50002
39021,57701
39023,50089
39025,65280
39027,53947
39029,44938
39031,46420
39033,44715
39035,50006
39037,53853
39039,56740
39041,103536
39043,53135
39045,67654
39047,47733
39049,60383
39051,62800
39053,43785
39055,84093
39057,68380
39059,44623
39061,57300
39063,61579
39065,49580
39067,50301
39069,57705
39071,49161
39073,50568
39075,60828
39077,55202
39079,44726
39081,42821
39083,56885
39085,65883
39087,43031
39089,66145
39091,61699
39093,59265
39095,47865
39097,61645
39099,48010
39101,45419
39103,76475
39105,44286
39107,62782
39109,59922
39111,46314
39113,51071
39115,40557
39117,60452
39119,49586
39121,48792
39123,58345
39125,53876
39127,51534
39129,58742
39131,45163
39133,63689
39135,53904
39137,64304
39139,49668
39141,49385
39143,53978
39145,41267
39147,52165
39149,63398
39151,52310
39153,58890
39155,47424
39157,51030
39159,84861
39161,54331
39163,43457
39165,87391
39167,50904
39169,59142
39171,54581
39173,64282
39175,55995
40000,51914
40001,35156
40003,52952
40005,39702
40007,52550
40009,47825
40011,49513
40013,43445
40015,48533
40017,70942
40019,48660
40021,42913
40023,35308
40025,46777
40027,62343
40029,39396
40031,51382
40033,43386
40035,43074
40037,54478
40039,49577
40041,40287
40043,50728
40045,51867
40047,52387
40049,47858
40051,56489
40053,49073
40055,37445
40057,38537
40059,55112
40061,37776
40063,37566
40065,47747
40067,37338
40069,39756
40071,45700
40073,59266
40075,37831
40077,38284
40079,38709
40081,48039
40083,69114
40085,48725
40087,65831
40089,37390
40091,37468
40093,56102
40095,42258
40097,50951
40099,50031
40101,43911
40103,54210
40105,45734
40107,37545
40109,52346
40111,42354
40113,48826
40115,38194
40117,46949
40119,47748
40121,42376
40123,48450
40125,48499
40127,37026
40129,53871
40131,61849
40133,37901
40135,38998
40137,46512
40139,51812
40141,41186
40143,55796
40145,62889
40147,53992
40149,47484
40151,51715
40153,55134
41000,63168
41001,45972
41003,63600
41005,81061
41007,53806
41009,63338
41011,48352
41013,51348
41015,48788
41017,67372
41019,47020
41021,54325
41023,46141
41025,43370
41027,66607
41029,55511
41031,50376
41033,46578
41035,45374
41037,44847
41039,53161
41041,49265
41043,54292
41045,42624
41047,56408
41049,55343
41051,70756
41053,62389
41055,58838
41057,52486
41059,53917
41061,50616
41063,48137
41065,52269
41067,82819
41069,39579
41071,61776
42000,60891
42001,62877
42003,59881
42005,49436
42007,54823
42009,50257
42011,62519
42013,49244
42015,50978
42017,88538
42019,67161
42021,45163
42023,41770
42025,53901
42027,58258
42029,99224
42031,46284
42033,46706
42035,50999
42037,50774
42039,50805
42041,71695
42043,57979
42045,71961
42047,54876
42049,48453
42051,50381
42053,41750
42055,60744
42057,52277
42059,50956
42061,49019
42063,47999
42065,46751
42067,54342
42069,52872
42071,66270
42073,48418
42075,61087
42077,62139
42079,53469
42081,53820
42083,46529
42085,48788
42087,47648
42089,63318
42091,90155
42093,61314
42095,68217
42097,47243
42099,62366
42101,46149
42103,62657
42105,44883
42107,48809
42109,56991
42111,50504
42113,48998
42115,52573
42117,48799
42119,55679
42121,45761
42123,50554
42125,63119
42127,53602
42129,58398
42131,57599
42133,65238
44000,63787
44001,80231
44003,69089
44005,77760
44007,56141
44009,86715
45000,52449
45001,42412
45003,52633
45005,29124
45007,51740
45009,36230
45011,38131
45013,65843
45015,62204
45017,45385
45019,62958
45021,42542
45023,42116
45025,39046
45027,36722
45029,39079
45031,37206
45033,33159
45035,65468
45037,48818
45039,39522
45041,47949
45043,46058
45045,61162
45047,43879
45049,35871
45051,49082
45053,43125
45055,52270
45057,58035
45059,42099
45061,33199
45063,60627
45065,44683
45067,34365
45069,33534
45071,48029
45073,50529
45075,37134
45077,48794
45079,52611
45081,46019
45083,53567
45085,45181
45087,40686
45089,32814
45091,64904
46000,57041
46003,53107
46005,49712
46007,37071
46009,50278
46011,62109
46013,60082
46015,49732
46017,25973
46019,44388
46021,45737
46023,47412
46025,48517
46027,46378
46029,55580
46031,34024
46033,58806
46035,51724
46037,48023
46039,55404
46041,41942
46043,55159
46045,58977
46047,46782
46049,49068
46051,59813
46053,40583
46055,51801
46057,65776
46059,52568
46061,63772
46063,55017
46065,70093
46067,54434
46069,52496
46071,34122
46073,47689
46075,49609
46077,54609
46079,60733
46081,51774
46083,84889
46085,47429
46087,59913
46089,39850
46091,56862
46093,59524
46095,32780
46097,50123
46099,60033
46101,57392
46102,31662
46103,58738
46105,55626
46107,54722
46109,44709
46111,54874
46115,50590
46117,69991
46119,59457
46121,31876
46123,45710
46125,62792
46127,80698
46129,48394
46135,56535
46137,32341
47000,52366
47001,50672
47003,49860
47005,38940
47007,40195
47009,57939
47011,50427
47013,39443
47015,51859
47017,42025
47019,39202
47021,63241
47023,47508
47025,37987
47027,34238
47029,36192
47031,49494
47033,44431
47035,46527
47037,60799
47039,42905
47041,47420
47043,56166
47045,44302
47047,59529
47049,36687
47051,50201
47053,42720
47055,48024
47057,41829
47059,44366
47061,36317
47063,44040
47065,57196
47067,30691
47069,37834
47071,37690
47073,42188
47075,39574
47077,43491
47079,43159
47081,44684
47083,44688
47085,48056
47087,37563
47089,49611
47091,35778
47093,55874
47095,33709
47097,38849
47099,43651
47101,40541
47103,51249
47105,58186
47107,46029
47109,39859
47111,42265
47113,46651
47115,50819
47117,51868
47119,57337
47121,50565
47123,45566
47125,56102
47127,58234
47129,40397
47131,42532
47133,42149
47135,41960
47137,40182
47139,41968
47141,45512
47143,44132
47145,54440
47147,66006
47149,64170
47151,35685
47153,49707
47155,47202
47157,47924
47159,50704
47161,46565
47163,46024
47165,66171
47167,60874
47169,49280
47171,43688
47173,40322
47175,38265
47177,42475
47179,49242
47181,38879
47183,42351
47185,42603
47187,115930
47189,76507
48000,60632
48001,45969
48003,84946
48005,46653
48007,46912
48009,61190
48011,57210
48013,50594
48015,59942
48017,45051
48019,53008
48021,61883
48023,41180
48025,41806
48027,54292
48029,54210
48031,64832
48033,66101
48035,48460
48037,47339
48039,74225
48041,50113
48043,45670
48045,44409
48047,30116
48049,47097
48051,53626
48053,56696
48055,52588
48057,52085
48059,50330
48061,38106
48063,43714
48065,64799
48067,44154
48069,45689
48071,89513
48073,43483
48075,42291
48077,58356
48079,42873
48081,44804
48083,39484
48085,96936
48087,39536
48089,48258
48091,76523
48093,52251
48095,40987
48097,52047
48099,48099
48101,38304
48103,61987
48105,49117
48107,37911
48109,42164
48111,50587
48113,59838
48115,43726
48117,44230
48119,44410
48121,88384
48123,49208
48125,39627
48127,37177
48129,40945
48131,35156
48133,44773
48135,60431
48137,37812
48139,76792
48141,43948
48143,47087
48145,37428
48147,53111
48149,55776
48151,45261
48153,39891
48155,37648
48157,92310
48159,48222
48161,49317
48163,41038
48165,56321
48167,71959
48169,46490
48171,61433
48173,83330
48175,55008
48177,49829
48179,49121
48181,51403
48183,50610
48185,49498
48187,73864
48189,42782
48191,32597
48193,49210
48195,57240
48197,42469
48199,60909
48201,60241
48203,50131
48205,72451
48207,40880
48209,68180
48211,66849
48213,43337
48215,38785
48217,48670
48219,46764
48221,60917
48223,52079
48225,39533
48227,50423
48229,42671
48231,53360
48233,54351
48235,56775
48237,48780
48239,54088
48241,47551
48243,51343
48245,48121
48247,36176
48249,41919
48251,62635
48253,43903
48255,48743
48257,67434
48259,90937
48261,42153
48263,47625
48265,53704
48267,42503
48269,57925
48271,43192
48273,42605
48275,39726
48277,45767
48279,42700
48281,55151
48283,40072
48285,51128
48287,55834
48289,47065
48291,52577
48293,43226
48295,57332
48297,48814
48299,54019
48301,78637
48303,50377
48305,43436
48307,42719
48309,48858
48311,64633
48313,45445
48315,38011
48317,56484
48319,49560
48321,48830
48323,35594
48325,59304
48327,35881
48329,80189
48331,46720
48333,47068
48335,48529
48337,50542
48339,77598
48341,53785
48343,41418
48345,41009
48347,45357
48349,46259
48351,43367
48353,42522
48355,53034
48357,49845
48359,56590
48361,56556
48363,46067
48365,51192
48367,73718
48369,50539
48371,47008
48373,46017
48375,41912
48377,37738
48379,47572
48381,69600
48383,65273
48385,39506
48387,42233
48389,45341
48391,44821
48393,67470
48395,44917
48397,102858
48399,42205
48401,49788
48403,40641
48405,38826
48407,47028
48409,53559
48411,43827
48413,47317
48415,53059
48417,57126
48419,41961
48421,57052
48423,56848
48425,63929
48427,30490
48429,43115
48431,59064
48433,46915
48435,54774
48437,43084
48439,66059
48441,48040
48443,41413
48445,41268
48447,42701
48449,45604
48451,51393
48453,76255
48455,40486
48457,44041
48459,48554
48461,53867
48463,39725
48465,44276
48467,51152
48469,51646
48471,43681
48473,59807
48475,53621
48477,54332
48479,44919
48481,48040
48483,48018
48485,47477
48487,44735
48489,33171
48491,87817
48493,71207
48495,56781
48497,66387
48499,48384
48501,61560
48503,49301
48505,33160
48507,30076
49000,71381
49001,55940
49003,62689
49005,60315
49007,51394
49009,58910
49011,84381
49013,60767
49015,54213
49017,51028
49019,50750
49021,51393
49023,65379
49025,52355
49027,58644
49029,98875
49031,40387
49033,60695
49035,73619
49037,42982
49039,52910
49041,54339
49043,105374
49045,73584
49047,63631
49049,75296
49051,85380
49053,57069
49055,47175
49057,68106
50000,60917
50001,68878
50003,52510
50005,50368
50007,74240
50009,43671
50011,61129
50013,67746
50015,60230
50017,62300
50019,48688
50021,51723
50023,61808
50025,54441
50027,57438
51000,72600
51001,42879
51003,80392
51005,46538
51007,57280
51009,50580
51011,51131
51013,120950
51015,60556
51017,50564
51019,61186
51021,47681
51023,71874
51025,41803
51027,32144
51029,45889
51031,51525
51033,67335
51035,41517
51036,56872
51037,41382
51041,80734
51043,84021
51045,50858
51047,72111
51049,46300
51051,35047
51053,57257
51057,50785
51059,122035
51061,93462
51063,48315
51065,73463
51067,53522
51069,77684
51071,50591
51073,70938
51075,89331
51077,37550
51079,67498
51081,43533
51083,43096
51085,91028
51087,68581
51089,36471
51091,45089
51093,72993
51095,86541
51097,51124
51099,86619
51101,68724
51103,52814
51105,34796
51107,140382
51109,63714
51111,41421
51113,60450
51115,61764
51117,44832
51119,54871
51121,52538
51125,56690
51127,90858
51131,43157
51133,55418
51135,46368
51137,63681
51139,49073
51141,42862
51143,44710
51145,88475
51147,48450
51149,68133
51153,106200
51155,50834
51157,71035
51159,49399
51161,68734
51163,53413
51165,61375
51167,38966
51169,40161
51171,55283
51173,40972
51175,52741
51177,86695
51179,108421
51181,54663
51183,43031
51185,42074
51187,65635
51191,45510
51193,51414
51195,38045
51197,46345
51199,86317
51510,99425
51520,36903
51530,43390
51540,56997
51550,78846
51570,56800
51580,40504
51590,36015
51595,36908
51600,105532
51610,137551
51620,37327
51630,58448
51640,36571
51650,54763
51660,42640
51670,42568
51678,48726
51680,43200
51683,79141
51685,77032
51690,33892
51700,50283
51710,48519
51720,34442
51730,37049
51735,96057
51740,47343
51750,39254
51760,48747
51770,42715
51775,57274
51790,47319
51800,69753
51810,76520
51820,47117
51830,52845
51840,51456
53000,74023
53001,52012
53003,49776
53005,69212
53007,57243
53009,57183
53011,73971
53013,53700
53015,58624
53017,65912
53019,40468
53021,60483
53023,50185
53025,53688
53027,48763
53029,65987
53031,55893
53033,94822
53035,76530
53037,55624
53039,56503
53041,57019
53043,53326
53045,58239
53047,48345
53049,46365
53051,49750
53053,75022
53055,62249
53057,70955
53059,64344
53061,87096
53063,59408
53065,51183
53067,72400
53069,55692
53071,57329
53073,62262
53075,45389
53077,51377
54000,44038
54001,39776
54003,59619
54005,38110
54007,39292
54009,48342
54011,39790
54013,36384
54015,35983
54017,44725
54019,37867
54021,38173
54023,42146
54025,37665
54027,44442
54029,47299
54031,43573
54033,47942
54035,48731
54037,75027
54039,41926
54041,40691
54043,39766
54045,34894
54047,27292
54049,46244
54051,50064
54053,43050
54055,37860
54057,48578
54059,32917
54061,51070
54063,38171
54065,49487
54067,38572
54069,48689
54071,40415
54073,50768
54075,39467
54077,47101
54079,61995
54081,41298
54083,40064
54085,43717
54087,36658
54089,34768
54091,46370
54093,48070
54095,46054
54097,41213
54099,38704
54101,34054
54103,44685
54105,44837
54107,45278
54109,35460
55000,60779
55001,43000
55003,44627
55005,50344
55007,53637
55009,62097
55011,59087
55013,55295
55015,72645
55017,59528
55019,55245
55021,65435
55023,49200
55025,71789
55027,63608
55029,61221
55031,50637
55033,57506
55035,60111
55037,53188
55039,59428
55041,45156
55043,57328
55045,63160
55047,55512
55049,68017
55051,44130
55053,52919
55055,65831
55057,52891
55059,65013
55061,63612
55063,60619
55065,60711
55067,51334
55069,56645
55071,56466
55073,63442
55075,50670
55077,46964
55078,40682
55079,49771
55081,58391
55083,59983
55085,53805
55087,65993
55089,83014
55091,56348
55093,75421
55095,59990
55097,59032
55099,47032
55101,60349
55103,53050
55105,57675
55107,48448
55109,82575
55111,57256
55113,46490
55115,56022
55117,61906
55119,56981
55121,56978
55123,51692
55125,47198
55127,64234
55129,50482
55131,75799
55133,87333
55135,58648
55137,52340
55139,57785
55141,55879
56000,62259
56001,47561
56003,55195
56005,78112
56007,61773
56009,68162
56011,64053
56013,51204
56015,51676
56017,49356
56019,57676
56021,63839
56023,69598
56025,64714
56027,51036
56029,58873
56031,54165
56033,58307
56035,74570
56037,73315
56039,99087
56041,63401
56043,55190
56045,54319
72000,
72001,
72003,
72005,
72007,
72009,
72011,
72013,
72015,
72017,
72019,
72021,
72023,
72025,
72027,
72029,
72031,
72033,
72035,
72037,
72039,
72041,
72043,
72045,
72047,
72049,
72051,
72053,
72054,
72055,
72057,
72059,
72061,
72063,
72065,
72067,
72069,
72071,
72073,
72075,
72077,
72079,
72081,
72083,
72085,
72087,
72089,
72091,
72093,
72095,
72097,
72099,
72101,
72103,
72105,
72107,
72109,
72111,
72113,
72115,
72117,
72119,
72121,
72123,
72125,
72127,
72129,
72131,
72133,
72135,
72137,
72139,
72141,
72143,
72145,
72147,
72149,
72151,
72153,
