City Claim #,Date Of Accident,Claim Status,Last Close Date,Dept/division,Category,Cause,NOC Demand,Paid Bi,Paid Pd
21-0032-001,7/1/2021,F,8/26/2021,Pub Wks- Solid Waste Field Services Sout,Refuse/Garbage,Mechanical Failure,10000.00,0.00,0.00
21-0037-001,7/1/2021,F,9/22/2021,Pub Wks- Solid Waste Field Services Nort,Operations,Water Main Break,3000.00,0.00,0.00
21-0049-001,7/6/2021,F,9/10/2021,Pub Wks- Solid Waste Field Services East,Operations,Damage to Property/Injury to Persons,1350.00,0.00,675.00
21-0055-001,7/1/2021,F,10/11/2021,"Park & Ride Lot 79th Ave. - Security Station, Restroom Bldg #130, Equip & Lighting",Premises,Maint. Building/Premises,1000.00,0.00,1000.00
21-0057-001,7/15/2021,F,11/22/2021,Pub Wks- Solid Waste Field Services West,Refuse/Garbage,Failure to Yield,2686.82,0.00,0.00
21-0058-001,7/8/2021,O,,Police- Maryvale Precinct 800,Law Enforcement,Shooting,,0.00,0.00
21-0059-001,7/12/2021,O,,Pub Wks- Solid Waste Field Services East,Operations,Damage by Mobile Equipment,244.72,0.00,1360.33
21-0060-001,7/7/2021,F,8/25/2021,Pub Wks- Solid Waste Field Services West,Operations,Damage to Property/Injury to Persons,1500.00,0.00,1500.00
21-0063-001,7/2/2021,F,8/9/2021,Pub Wks- Solid Waste Field Services West,Operations,Damage to Property/Injury to Persons,750.00,0.00,750.00
21-0065-001,7/12/2021,O,,Aviation- Sky Harbor Airport/Terminals,Operations,Maint. of Equipment,540.00,0.00,0.00
21-0066-001,7/19/2021,F,9/9/2021,Pub Wks- Solid Waste Field Services Nort,Refuse/Garbage,Backing,7050.00,0.00,7050.00
21-0068-001,7/1/2021,F,10/7/2021,Pub Wks- Solid Waste Field Services East,Refuse/Garbage,Backing,5000.00,0.00,2800.00
21-0075-001,7/20/2021,F,8/24/2021,Water Distrib - Reservoir Yard,Operations,Water Service Related,6500.00,0.00,6500.00
21-0078-001,7/12/2021,F,8/10/2021,Street- North Maint Dist,Operations,Pot Hole,1054.15,0.00,0.00
21-0080-001,7/15/2021,F,9/1/2021,Water Distrib - Reservoir Yard,Operations,Flooding,4475.00,0.00,0.00
21-0081-001,7/10/2021,F,9/20/2021,Parks-SpecOps/Aquatcs/Forest/Cityw Sport,Operations,"Maint. of St., Sidewalks, Rights-of-way",4468.03,0.00,1000.00
21-0085-001,7/10/2021,F,8/16/2021,Parks-SpecOps/Aquatcs/Forest/Cityw Sport,Operations,Overhanging Tree,590.00,0.00,4838.01
21-0086-001,7/26/2021,F,12/23/2021,Pub Wks- Solid Waste Field Services Nort,Medium/Heavy,Backing,1287.00,0.00,0.00
21-0090-001,7/25/2021,O,,Water Distrib - Morten Yard,Operations,Water Main Break,,0.00,0.00
21-0090-002,7/25/2021,O,,Water Distrib - Morten Yard,Operations,Water Main Break,,0.00,0.00
21-0090-003,7/25/2021,O,,Water Distrib - Morten Yard,Operations,Water Main Break,,0.00,0.00
21-0091-001,7/26/2021,O,,Water Distrib - Morten Yard,Operations,Water Main Break,,0.00,0.00
21-0091-002,7/26/2021,O,,Water Distrib - Morten Yard,Operations,Water Main Break,,0.00,0.00
21-0091-003,7/26/2021,O,,Water Distrib - Morten Yard,Operations,Water Main Break,,0.00,0.00
21-0093-001,7/14/2021,O,,Pub Wks- Solid Waste Field Services East,Operations,Negligent Design,2000000.00,0.00,0.00
21-0094-001,7/16/2021,O,,Police - Estrella Mountain Precinct 300,Law Enforcement,Excessive Force,,0.00,0.00
21-0095-001,7/22/2021,F,9/20/2021,Pub Wks- Solid Waste Field Services West,Operations,Damage to Property/Injury to Persons,7800.00,0.00,5275.50
21-0097-001,7/13/2021,F,9/1/2021,Street- Central Maintenance Dist,Operations,Debris/Object in Road,1043.97,0.00,0.00
21-0098-001,7/3/2021,F,8/25/2021,Parks-SpecOps/Aquatcs/Forest/Cityw Sport,Operations,Overhanging Tree,395.16,0.00,395.16
21-0099-001,7/7/2021,F,8/10/2021,Parks-SpecOps/Aquatcs/Forest/Cityw Sport,Operations,Negligent Design,425.00,0.00,0.00
21-0101-001,7/30/2021,O,,Water Distrib - Morten Yard,Operations,Water Main Break,,0.00,0.00
21-0103-001,7/29/2021,F,9/10/2021,Pub Wks- Solid Waste Field Services East,Refuse/Garbage,Struck Fixed Object,299.98,0.00,299.98
21-0104-001,7/19/2021,F,8/18/2021,Street- Southeast Maint Dist,Operations,Pot Hole,7500.00,0.00,0.00
21-0105-001,7/28/2021,F,8/19/2021,Street- Central Maintenance Dist,Operations,Negligent Design,209.44,0.00,0.00
21-0107-001,7/30/2021,F,12/20/2021,Water Distrib - Corona Yard,Operations,Water Main Break,20247.00,0.00,8300.00
21-0110-001,7/3/2021,O,,Water Distrib - Reservoir Yard,Operations,Water Main Break,7000.00,0.00,0.00
21-0111-001,7/22/2021,F,9/8/2021,Street- Central Maintenance Dist,Operations,Missing/Hit Cover,1023.79,0.00,0.00
21-0114-001,7/16/2021,F,10/7/2021,Water Distrib - Reservoir Yard,Operations,Water Main Break,8500.00,0.00,802.98
21-0116-001,7/29/2021,F,10/12/2021,Street- Central Maintenance Dist,Operations,Pot Hole,238.70,0.00,120.00
21-0117-001,7/27/2021,F,11/19/2021,Street- Southwest Maint Dist,Operations,Pot Hole,1566.25,0.00,1566.25
21-0119-001,8/4/2021,F,8/26/2021,Street- North Maint Dist,Operations,Pot Hole,1166.91,0.00,0.00
21-0121-001,7/20/2021,O,,Police- Maryvale Precinct 800,Law Enforcement,Shooting,,0.00,0.00
21-0123-001,7/16/2021,O,,Pub Wks- Solid Waste Field Services East,Refuse/Garbage,Struck Fixed Object,4300.00,0.00,0.00
21-0125-001,8/2/2021,F,8/19/2021,Golf - All Golf Courses/Pros/Golf Ball Hits,Premises,Golf Course Related,133.00,0.00,0.00
21-0126-001,8/4/2021,F,9/2/2021,Street- Southeast Maint Dist,Operations,Negligent Design,4881.48,0.00,0.00
21-0130-001,8/5/2021,F,8/13/2021,Parks-SpecOps/Aquatcs/Forest/Cityw Sport,Operations,"Maint. of St., Sidewalks, Rights-of-way",1100.00,0.00,0.00
21-0131-001,7/21/2021,F,9/10/2021,Street- Southeast Maint Dist,Light Truck,Lane Change/Pass,603.43,0.00,603.43
21-0134-001,7/16/2021,F,12/30/2021,Aviation- Sky Harbor Airport/Terminals,Premises,Maint. Building/Premises,430000000.00,0.00,0.00
21-0135-001,7/21/2021,F,9/14/2021,Police-Tactcl/Air/SAU/Bomb/K-9/Dntown Op,Police Vehicle,Struck Fixed Object,2788.59,0.00,2788.59
21-0136-001,8/3/2021,F,8/19/2021,Street- Southeast Maint Dist,Operations,Pot Hole,2550.88,0.00,0.00
21-0137-001,8/8/2021,O,,Police- Cactus Park Precinct 900,Police Vehicle,Failure to Yield,85000.00,0.00,7747.82
21-0139-001,7/20/2021,F,9/22/2021,Street- North Maint Dist,Operations,Damage to Property/Injury to Persons,653.46,0.00,0.00
21-0141-001,7/30/2021,F,9/1/2021,Street- Central Maintenance Dist,Operations,Debris/Object in Road,40.00,0.00,0.00
21-0146-001,7/24/2021,F,9/22/2021,Parks- Northwest Division,Premises,Maint. Building/Premises,13000.00,0.00,0.00
21-0147-001,7/24/2021,F,9/23/2021,Street- Southwest Maint Dist,Operations,"Maint. of St., Sidewalks, Rights-of-way",3000.00,0.00,0.00
21-0151-001,7/24/2021,F,10/22/2021,Fire- Admin/EMS/CAD-Alarm/Safety,Fire/EMS Operations,"Care, Custody, Control",635.00,0.00,635.00
21-0153-001,7/25/2021,F,9/9/2021,Water Distrib - Reservoir Yard,Operations,Water Service Related,300.00,0.00,0.00
21-0154-001,8/13/2021,F,9/17/2021,Street- Southwest Maint Dist,Operations,Missing/Hit Cover,2905.44,0.00,0.00
21-0155-001,7/16/2021,F,9/9/2021,Planning-Residntl Plan Rev/Inspection-New/Remodl/Addtn,Operations,Damage to Property/Injury to Persons,3028.00,0.00,0.00
21-0156-001,8/11/2021,F,8/31/2021,Street- North Maint Dist,Operations,Debris/Object in Road,1607.53,0.00,0.00
21-0157-001,8/15/2021,F,10/18/2021,Police- Maryvale Precinct 800,Police Vehicle,Failure to Yield,5000.00,0.00,3010.18
21-0158-001,8/14/2021,F,9/2/2021,Street- Central Maintenance Dist,Operations,Missing/Hit Cover,2000.00,0.00,0.00
21-0160-001,8/5/2021,F,9/3/2021,Street- Southeast Maint Dist,Operations,Overhanging Tree,541.83,0.00,465.00
21-0161-001,8/7/2021,F,9/20/2021,Water Distrib - Morten Yard,Operations,Change Meter,500.00,0.00,500.00
21-0162-001,8/15/2021,F,8/31/2021,Street- North Maint Dist,Operations,Pot Hole,435.68,0.00,0.00
21-0163-001,8/10/2021,F,9/10/2021,Street- Southwest Maint Dist,Operations,Pot Hole,1564.27,0.00,782.14
21-0169-001,8/16/2021,F,10/14/2021,Street- Southwest Maint Dist,Operations,"Maint. of St., Sidewalks, Rights-of-way",,0.00,0.00
21-0171-001,8/12/2021,F,9/9/2021,Police- Central City Precinct 500,Law Enforcement,"Care, Custody, Control",1700.00,0.00,0.00
21-0172-001,8/4/2021,O,,Police- Maryvale Precinct 800,Police Vehicle,Failure to Yield,1200.00,0.00,500.00
21-0172-002,8/4/2021,O,,Police- Maryvale Precinct 800,Police Vehicle,Failure to Yield,4218.56,0.00,0.00
21-0173-001,7/10/2021,F,9/15/2021,Street- Southeast Maint Dist,Operations,Debris/Object in Road,2962.82,0.00,0.00
21-0174-001,8/11/2021,O,,Pub Wks- Solid Waste Field Services West,Refuse/Garbage,Struck Fixed Object,50.00,0.00,0.00
21-0175-001,7/22/2021,F,10/18/2021,Parks- Northeast Division,Operations,"Maint. of St., Sidewalks, Rights-of-way",3100.00,0.00,3200.00
21-0176-001,8/9/2021,F,9/30/2021,Street- Southwest Maint Dist,Operations,Flooding,21495.00,0.00,0.00
21-0178-001,8/13/2021,F,9/8/2021,Parks- Northeast Division,Premises,Maint. Building/Premises,950.03,0.00,950.03
21-0178-002,8/13/2021,F,10/8/2021,Parks- Northeast Division,Premises,Maint. Building/Premises,59.68,0.00,59.68
21-0181-001,8/25/2021,F,9/30/2021,Police- Cactus Park Precinct 900,Operations,Damage to Property/Injury to Persons,400.00,0.00,0.00
21-0190-001,7/14/2021,F,10/7/2021,Street- North Maint Dist,Light Truck,Main/Vehicle/Int,2950.00,0.00,7521.00
21-0191-001,8/17/2021,F,9/15/2021,Parks- Northeast Division,Operations,"Maint. of St., Sidewalks, Rights-of-way",650.00,0.00,0.00
21-0192-001,7/27/2021,O,,Water Distrib - Corona Yard,Operations,Water Main Break,,0.00,0.00
21-0193-001,8/13/2021,F,9/15/2021,Street- Southwest Maint Dist,Operations,Missing/Hit Cover,1189.59,0.00,0.00
21-0195-001,8/18/2021,F,9/1/2021,Non-City Claim,Non-City,Non-City Claim,500.00,0.00,0.00
21-0196-001,8/16/2021,F,9/7/2021,Parks- Northeast Division,Operations,"Maint. of St., Sidewalks, Rights-of-way",6100.87,0.00,0.00
21-0197-001,8/20/2021,F,11/29/2021,Street- North Maint Dist,Operations,Pot Hole,634.25,0.00,634.25
21-0198-001,8/28/2021,F,9/1/2021,Street- Southwest Maint Dist,Operations,Tar/Paint/Oil,533.60,0.00,0.00
21-0201-001,7/26/2021,F,11/19/2021,Pub Wks- Solid Waste Field Services Nort,Refuse/Garbage,Turning,6000.00,0.00,6028.74
21-0202-001,8/24/2021,F,9/15/2021,Police- Desert Horizon Precinct 600,Premises,Maint. Building/Premises,1472.73,0.00,0.00
21-0204-001,7/26/2021,F,10/15/2021,Water Distrib - Corona Yard,Operations,Damage by Mobile Equipment,1655.20,0.00,1655.20
21-0205-001,8/12/2021,F,9/22/2021,Parks- South Division,Premises,Maint. Building/Premises,460.41,0.00,0.00
21-0206-001,7/21/2021,F,10/21/2021,Pub Wks-Sol Waste Disposl/Landfl/Transfe,Operations,Damage by Mobile Equipment,11020.20,0.00,11020.20
21-0207-001,8/16/2021,F,9/22/2021,Street- Southwest Maint Dist,Operations,Pot Hole,169.23,0.00,0.00
21-0210-001,8/18/2021,F,10/8/2021,Street- Southwest Maint Dist,Operations,Pot Hole,1300.00,0.00,650.00
21-0211-001,7/19/2021,O,,Pub Wks- Solid Waste Field Services West,Refuse/Garbage,Failure to Yield,1188.72,0.00,0.00
21-0212-001,8/24/2021,F,12/23/2021,Street- North Maint Dist,Operations,Debris/Object in Road,151.00,0.00,0.00
21-0215-001,8/28/2021,F,9/23/2021,Street- Southwest Maint Dist,Operations,Pot Hole,468.63,0.00,0.00
21-0217-001,8/3/2021,F,11/1/2021,Street- Central Maintenance Dist,Operations,"Maint. of St., Sidewalks, Rights-of-way",987.87,0.00,1087.62
21-0218-001,8/23/2021,F,9/22/2021,Parks- Admin/Dir/Mgt Svcs/Parks Devlpmt,Premises,Maint. Building/Premises,977.83,0.00,0.00
21-0219-001,8/24/2021,F,9/9/2021,Non-City Claim,Non-City,Non-City Claim,3136.45,0.00,0.00
21-0220-001,9/3/2021,O,,Parks- Admin/Dir/Mgt Svcs/Parks Devlpmt,Contract Dispute,Business/Development/Financial Contract,1000000.00,0.00,0.00
21-0221-001,7/31/2021,F,9/23/2021,Street- North Maint Dist,Operations,Water Main Break,429.00,0.00,0.00
21-0222-001,8/21/2021,O,,Water Distrib - Morten Yard,Operations,Sewer Backup,20000.00,0.00,1144.35
21-0222-002,8/21/2021,O,,Water Distrib - Morten Yard,Operations,Sewer Backup,2500.00,0.00,691.49
21-0222-003,8/21/2021,O,,Water Distrib - Morten Yard,Operations,Sewer Backup,1500.00,0.00,0.00
21-0225-001,9/3/2021,F,9/15/2021,Fire- Admin/EMS/CAD-Alarm/Safety,Medium/Heavy,Failure to Yield,1942.95,0.00,0.00
21-0226-001,8/5/2021,F,10/8/2021,Police- Maryvale Precinct 800,Police Vehicle,Failure to Yield,4697.01,0.00,5740.91
21-0228-001,7/22/2021,F,11/30/2021,Pub Wks- Solid Waste Field Services Nort,Refuse/Garbage,Struck Fixed Object,5997.97,0.00,4175.77
21-0230-001,9/8/2021,F,11/16/2021,Water Distrib - Reservoir Yard,Operations,Water Service Related,,0.00,6500.00
21-0231-001,8/23/2021,F,11/1/2021,Water Distrib - Reservoir Yard,Operations,Water Service Related,200.00,0.00,200.00
21-0235-001,8/18/2021,F,10/6/2021,Pub Wks- Solid Waste Field Services Nort,Operations,Debris/Object in Road,2056.67,0.00,0.00
21-0236-001,9/4/2021,F,9/15/2021,Non-City Claim,Other,Other,150.00,0.00,0.00
21-0237-001,8/17/2021,F,11/19/2021,Street- Central Maintenance Dist,Operations,"Maint. of St., Sidewalks, Rights-of-way",174.68,0.00,174.68
21-0238-001,8/14/2021,F,9/30/2021,Parks- Downtown Division,Operations,"Maint. of St., Sidewalks, Rights-of-way",2294.84,0.00,0.00
21-0239-001,7/27/2021,F,11/22/2021,Street- Central Maintenance Dist,Operations,Pot Hole,629.55,0.00,629.55
21-0240-001,9/2/2021,F,9/23/2021,Police- Desert Horizon Precinct 600,Law Enforcement,"Care, Custody, Control",100.00,0.00,0.00
21-0241-001,8/24/2021,F,9/15/2021,Non-City Claim,Other,Other,3136.45,0.00,0.00
21-0242-001,8/18/2021,F,9/30/2021,Parks- South Division,Operations,"Maint. of St., Sidewalks, Rights-of-way",4773.13,0.00,0.00
21-0243-001,9/11/2021,F,10/21/2021,Street- North Maint Dist,Operations,Pot Hole,6134.22,0.00,1222.61
21-0244-001,8/10/2021,F,10/19/2021,Aviation- Sky Harbor Airport/Terminals,Operations,Damage to Property/Injury to Persons,768.99,0.00,0.00
21-0246-001,8/30/2021,F,10/5/2021,Fire- Admin/EMS/CAD-Alarm/Safety,Fire/EMS Operations,Forced Entry,285.00,0.00,0.00
21-0247-001,8/11/2021,F,9/23/2021,Street- Southwest Maint Dist,Medium/Heavy,Falling Load/Rock,925.95,0.00,0.00
21-0248-001,8/12/2021,F,9/17/2021,Non-City Claim,Non-City,Non-City Claim,1364.00,0.00,0.00
21-0249-001,7/8/2021,F,9/22/2021,Fire- Admin/EMS/CAD-Alarm/Safety,Law Enforcement,Forced Entry,473.35,0.00,0.00
21-0250-001,9/13/2021,F,10/12/2021,Street- North Maint Dist,Medium/Heavy,Mechanical Failure,10852.00,0.00,10602.43
21-0251-001,7/9/2021,F,10/8/2021,Pub Wks- Solid Waste Field Services West,Refuse/Garbage,Struck Fixed Object,1035.00,0.00,1035.00
21-0253-001,9/9/2021,O,,Pub Wks- Solid Waste Field Services Nort,Light Truck,Struck Fixed Object,350.00,0.00,0.00
21-0254-001,8/25/2021,F,11/2/2021,Street- North Maint Dist,Operations,Pot Hole,317.67,0.00,670.00
21-0255-001,8/17/2021,F,9/30/2021,Street- North Maint Dist,Operations,"Maint. of St., Sidewalks, Rights-of-way",16000.00,0.00,0.00
21-0256-001,7/25/2021,F,9/29/2021,Street- Southwest Maint Dist,Operations,"Maint. of St., Sidewalks, Rights-of-way",500.00,0.00,0.00
21-0257-001,9/16/2021,F,11/22/2021,Water Distrib - Reservoir Yard,Operations,Water Main Break,657.04,0.00,657.04
21-0258-001,9/23/2021,O,,Water Distrib - Morten Yard,Operations,Change Meter,,0.00,1293.60
21-0261-001,9/2/2021,F,9/30/2021,Street- Southeast Maint Dist,Operations,Pot Hole,209.18,0.00,0.00
21-0262-001,8/21/2021,F,10/15/2021,Water Distrib - Morten Yard,Operations,Change Meter,1000.00,0.00,0.00
21-0263-001,9/16/2021,F,10/13/2021,Street- Southwest Maint Dist,Operations,Pot Hole,1317.79,0.00,0.00
21-0264-001,7/27/2021,O,,Street- Southwest Maint Dist,Operations,Pot Hole,3500.00,0.00,0.00
21-0265-001,9/10/2021,O,,Police-Inv/VCB-FIB-Drug Enf-OCB-Prop Cri,Law Enforcement,Law Enforcement Misc,,0.00,0.00
21-0267-001,7/14/2021,F,10/18/2021,Street- Southeast Maint Dist,Operations,Water Main Break,9095.84,0.00,9095.84
21-0268-001,9/16/2021,F,10/12/2021,Police- Central City Precinct 500,Law Enforcement,"Care, Custody, Control",1550.00,0.00,0.00
21-0270-001,9/21/2021,O,,Police- Admin/Fiscal-Mgt Svcs/Prof Stds,Public Officials,Public Officials Liability,,0.00,0.00
21-0272-001,8/14/2021,F,10/15/2021,Street- Southwest Maint Dist,Operations,Missing/Hit Cover,522.58,0.00,0.00
21-0273-001,9/16/2021,F,12/20/2021,Parks- Northeast Division,Light Truck,Backing,3751.99,0.00,5475.88
21-0274-001,9/2/2021,F,11/2/2021,Water Distrib - Corona Yard,Light Truck,Failure to Yield,324.00,0.00,836.70
21-0275-001,7/1/2021,F,10/7/2021,Police- Central City Precinct 500,Law Enforcement,Law Enforcement Misc,5000000.00,0.00,0.00
21-0276-001,7/7/2021,F,9/29/2021,Non-City Claim,Other,Other,1500.00,0.00,0.00
21-0278-001,9/14/2021,O,,Street- Southwest Maint Dist,Operations,Missing/Hit Cover,17129.00,0.00,0.00
21-0278-002,9/14/2021,O,,Street- Southwest Maint Dist,Operations,Missing/Hit Cover,2500.00,0.00,0.00
21-0278-003,9/14/2021,O,,Street- Southwest Maint Dist,Operations,Missing/Hit Cover,2500.00,0.00,0.00
21-0280-001,8/23/2021,F,11/18/2021,Fire- Admin/EMS/CAD-Alarm/Safety,Fire/EMS Operations,Forced Entry,3296.11,0.00,3196.40
21-0282-001,7/18/2021,O,,Fire- Admin/EMS/CAD-Alarm/Safety,Fire/EMS Operations,Damage to Property/Injury to Persons,1721.08,0.00,0.00
21-0283-001,9/13/2021,F,12/3/2021,Street- Southwest Maint Dist,Operations,Missing/Hit Cover,5370.40,0.00,5370.40
21-0284-001,9/7/2021,O,,Non-City Claim,Operations,Pot Hole,3216.20,0.00,0.00
21-0285-001,9/13/2021,F,10/29/2021,Parks- Northeast Division,Light Truck,Lane Change/Pass,5000.00,0.00,2941.87
21-0286-001,7/16/2021,F,10/22/2021,Parks- Northeast Division,Operations,"Maint. of St., Sidewalks, Rights-of-way",400.00,0.00,400.00
21-0287-001,8/26/2021,F,12/23/2021,Pub Wks- Solid Waste Field Services West,Operations,Damage by Mobile Equipment,125.00,0.00,0.00
21-0290-001,9/25/2021,O,,Parks- Northwest Division,Premises,Maint. Building/Premises,5000.00,0.00,0.00
21-0291-001,8/28/2021,O,,Aviation- Sky Harbor Airport/Terminals,Operations,Damage to Property/Injury to Persons,3398.31,0.00,0.00
21-0292-001,7/30/2021,F,10/21/2021,Pub Wks- Solid Waste Field Services Nort,Refuse/Garbage,Lane Change/Pass,4815.75,0.00,5310.75
21-0293-001,9/15/2021,F,11/18/2021,Fire- Admin/EMS/CAD-Alarm/Safety,Fire/EMS Operations,Damage to Property/Injury to Persons,,0.00,0.00
21-0294-001,9/6/2021,F,10/27/2021,Pub Wks- Solid Waste Field Services Nort,Medium/Heavy,Struck Fixed Object,1529.56,0.00,1529.56
21-0295-001,8/6/2021,O,,Water Distrib - Cave Creek Yard,Operations,Sewer Backup,,0.00,0.00
21-0297-001,8/14/2021,F,10/21/2021,Street- Central Maintenance Dist,Operations,Missing/Hit Cover,800.00,0.00,0.00
21-0301-001,8/17/2021,O,,Street- Southeast Maint Dist,Light Truck,Struck Fixed Object,2258.00,0.00,0.00
21-0302-001,9/20/2021,F,10/22/2021,Street- Southeast Maint Dist,Operations,Pot Hole,3059.45,0.00,0.00
21-0303-001,7/1/2021,O,,Human Resources - Admin,Employment,Retaliation,200000.00,0.00,0.00
21-0304-001,8/12/2021,F,11/1/2021,Street- Southeast Maint Dist,Operations,Pot Hole,218.58,0.00,0.00
21-0305-001,8/25/2021,F,10/13/2021,Street- Southwest Maint Dist,Operations,Pot Hole,800.00,0.00,0.00
21-0306-001,9/7/2021,F,11/19/2021,Street- Southeast Maint Dist,Operations,Change Meter,120.00,0.00,120.00
21-0307-001,9/16/2021,F,12/9/2021,Police- Cactus Park Precinct 900,Law Enforcement,Damage to Property,224.05,0.00,0.00
21-0308-001,9/23/2021,F,10/15/2021,Street- Central Maintenance Dist,Operations,Debris/Object in Road,2200.00,0.00,0.00
21-0309-001,9/24/2021,O,,Police - Northern Precinct 200,Police Vehicle,Rear End,3381.17,0.00,3065.98
21-0311-001,9/30/2021,F,11/5/2021,Water Distrib - Corona Yard,Operations,Water Main Break,2393.88,0.00,2393.88
21-0311-002,9/30/2021,F,11/29/2021,Water Distrib - Corona Yard,Operations,Water Main Break,876.36,0.00,876.36
21-0313-001,9/25/2021,F,10/22/2021,Street- North Maint Dist,Operations,Construction Area,1588.66,0.00,0.00
21-0315-001,9/27/2021,F,11/1/2021,Street- Southwest Maint Dist,Operations,Pot Hole,1746.04,0.00,1746.04
21-0318-001,9/3/2021,F,11/15/2021,Police- Central City Precinct 500,Law Enforcement,"Care, Custody, Control",265.48,0.00,265.48
21-0319-001,9/23/2021,F,12/1/2021,Police- Central City Precinct 500,Law Enforcement,Violate Civil Rights,,0.00,0.00
21-0320-001,9/3/2021,F,11/18/2021,Street- Central Maintenance Dist,Operations,Pot Hole,14781.56,0.00,0.00
21-0322-001,9/18/2021,F,12/17/2021,Water Distrib - Cave Creek Yard,Operations,Water Main Break,17000.00,0.00,0.00
21-0324-001,9/23/2021,F,11/1/2021,Street- Southeast Maint Dist,Operations,Debris/Object in Road,3000.00,0.00,0.00
21-0325-001,10/6/2021,F,11/24/2021,Pub Wks- Solid Waste Field Services East,Refuse/Garbage,Struck Fixed Object,1500.00,0.00,0.00
21-0326-001,8/11/2021,F,11/9/2021,Water Distrib - Reservoir Yard,Operations,Change Meter,669.58,0.00,0.00
21-0327-001,9/30/2021,F,11/19/2021,Pub Wks- Solid Waste Field Services West,Refuse/Garbage,Rear End,14845.25,0.00,11086.33
21-0332-001,9/12/2021,O,,Street- Southwest Maint Dist,Operations,Pot Hole,3484.95,0.00,0.00
21-0333-001,9/15/2021,F,10/21/2021,Non-City Claim,Other,Other,1853.22,0.00,0.00
21-0334-001,10/13/2021,O,,Parks-SpecOps/Aquatcs/Forest/Cityw Sport,Operations,"Care, Custody, Control",5000.00,0.00,0.00
21-0337-001,7/30/2021,O,,Water Distrib - Reservoir Yard,Operations,Water Main Break,32430.21,0.00,0.00
21-0338-001,10/4/2021,O,,Pub Wks- Solid Waste Field Services West,Refuse/Garbage,Struck Fixed Object,500.00,0.00,0.00
21-0339-001,9/29/2021,F,11/17/2021,Street- Central Maintenance Dist,Operations,Pot Hole,1751.23,0.00,0.00
21-0340-001,9/27/2021,F,11/4/2021,Transit- Phoenix Transit-Contract,Other,Other,18626.73,0.00,0.00
21-0341-001,10/12/2021,O,,Police- Maryvale Precinct 800,Police Vehicle,Emergency Maneuver,801.04,0.00,0.00
21-0342-001,10/11/2021,F,10/26/2021,Aviation- Sky Harbor Airport/Terminals,Premises,Maint. Building/Premises,970.17,0.00,0.00
21-0343-001,7/11/2021,F,10/25/2021,Transit- Phoenix Transit-Contract,Bus 21-75,Collide with Pedestrian,5000000.00,0.00,0.00
21-0343-002,7/11/2021,F,10/25/2021,Transit- Phoenix Transit-Contract,Bus 21-75,Collide with Pedestrian,5000000.00,0.00,0.00
21-0343-003,7/11/2021,F,10/25/2021,Transit- Phoenix Transit-Contract,Bus 21-75,Collide with Pedestrian,5000000.00,0.00,0.00
21-0343-004,7/11/2021,F,10/25/2021,Transit- Phoenix Transit-Contract,Bus 21-75,Collide with Pedestrian,5000000.00,0.00,0.00
21-0343-005,7/11/2021,F,10/25/2021,Transit- Phoenix Transit-Contract,Bus 21-75,Collide with Pedestrian,5000000.00,0.00,0.00
21-0343-006,7/11/2021,F,10/25/2021,Transit- Phoenix Transit-Contract,Bus 21-75,Collide with Pedestrian,5000000.00,0.00,0.00
21-0344-001,8/17/2021,F,12/7/2021,Parks-SpecOps/Aquatcs/Forest/Cityw Sport,Operations,"Maint. of St., Sidewalks, Rights-of-way",6674.00,0.00,0.00
21-0346-001,10/13/2021,F,11/12/2021,Water Distrib - Reservoir Yard,Operations,Damage by Mobile Equipment,500.00,0.00,0.00
21-0347-001,10/13/2021,F,12/20/2021,Water Distrib - Reservoir Yard,Operations,Water Service Related,525.00,0.00,525.00
21-0349-001,9/24/2021,F,11/19/2021,Pub Wks- Solid Waste Field Services Nort,Refuse/Garbage,Struck Fixed Object,450.00,0.00,450.00
21-0352-001,7/26/2021,F,11/18/2021,Street- Southeast Maint Dist,Operations,Pot Hole,1171.17,0.00,0.00
21-0356-001,7/4/2021,O,,Fire- Admin/EMS/CAD-Alarm/Safety,Medium/Heavy,Failure to Yield,306.00,0.00,0.00
21-0358-001,10/5/2021,O,,Police-Tactcl/Air/SAU/Bomb/K-9/Dntown Op,Light Truck,Rear End,4085.53,0.00,0.00
21-0359-001,8/27/2021,F,11/24/2021,Street- Southeast Maint Dist,Operations,Signal Malfunction,4500.00,0.00,0.00
21-0362-001,9/20/2021,F,12/17/2021,Street- Southwest Maint Dist,Operations,Missing/Hit Cover,16357.29,0.00,16357.29
21-0363-001,8/25/2021,O,,Street- Southeast Maint Dist,Refuse/Garbage,Struck Fixed Object,2375.00,0.00,0.00
21-0364-001,9/22/2021,F,12/7/2021,Police- Squaw Peak Precinct 700,Police Vehicle,Rear End,5347.34,0.00,5742.34
21-0365-001,9/29/2021,F,10/26/2021,Pub Wks- Solid Waste Field Services East,Operations,Damage by Mobile Equipment,550.00,0.00,0.00
21-0366-001,8/20/2021,F,11/12/2021,Street- North Maint Dist,Operations,"Maint. of St., Sidewalks, Rights-of-way",305.27,0.00,0.00
21-0367-001,10/14/2021,F,11/17/2021,Pub Wks- Solid Waste Field Services East,Refuse/Garbage,Struck Fixed Object,150.00,0.00,0.00
21-0368-001,10/16/2021,F,10/26/2021,Street- North Maint Dist,Operations,Negligent Barricading,3876.80,0.00,0.00
21-0369-001,10/6/2021,R,10/26/2021,Street- North Maint Dist,Operations,Negligent Barricading,478.66,0.00,0.00
21-0370-001,10/19/2021,F,11/4/2021,Street- Central Maintenance Dist,Operations,Pot Hole,434.46,0.00,0.00
21-0371-001,10/13/2021,O,,Police- Central City Precinct 500,Law Enforcement,Damage to Property,6500.00,0.00,0.00
21-0374-001,8/17/2021,F,11/19/2021,Parks-SpecOps/Aquatcs/Forest/Cityw Sport,Operations,"Maint. of St., Sidewalks, Rights-of-way",1200.00,0.00,0.00
21-0375-001,8/19/2021,F,11/15/2021,Water Distrib - Corona Yard,Operations,Sewer Backup,175.00,0.00,0.00
21-0376-001,8/11/2021,O,,Police- Cactus Park Precinct 900,Police Vehicle,Failure to Yield,6818.03,0.00,0.00
21-0378-001,9/10/2021,O,,Pub Wks- Solid Waste Field Services East,Refuse/Garbage,Failure to Yield,12000.41,0.00,0.00
21-0379-001,10/21/2021,F,12/17/2021,Water Distrib - Cave Creek Yard,Operations,Change Meter,393.75,0.00,393.75
21-0381-001,9/22/2021,F,1/3/2022,Street- Prev Maint/St Cleaning/Flooding,Medium/Heavy,Rear End,329.46,0.00,329.46
21-0382-001,10/25/2021,F,12/22/2021,Street- Prev Maint/St Cleaning/Flooding,Light Truck,Failure to Yield,4400.00,0.00,4400.00
21-0383-001,10/24/2021,F,12/9/2021,Parks- South Division,Premises,Maint. Building/Premises,190.00,0.00,0.00
21-0384-001,10/31/2021,F,12/23/2021,Water Distrib - Cave Creek Yard,Operations,Sewer Backup,,0.00,14524.57
21-0385-001,10/19/2021,F,11/17/2021,Street- Southwest Maint Dist,Operations,"Maint. of St., Sidewalks, Rights-of-way",765.00,0.00,0.00
21-0386-001,8/23/2021,F,12/21/2021,Street- North Maint Dist,Operations,Missing/Hit Cover,762.70,0.00,0.00
21-0387-001,10/10/2021,F,11/3/2021,Non-City Claim,Other,Other,870.85,0.00,0.00
21-0389-001,9/23/2021,O,,Pub Wks- Solid Waste Field Services West,Refuse/Garbage,Main/Vehicle/Int,13141.43,0.00,0.00
21-0394-001,9/27/2021,O,,Street- North Maint Dist,Operations,"Maint. of St., Sidewalks, Rights-of-way",1410.63,0.00,0.00
21-0395-001,10/25/2021,O,,Pub Wks- Solid Waste Field Services Sout,Refuse/Garbage,Struck Fixed Object,50.51,0.00,0.00
21-0396-001,10/18/2021,F,12/21/2021,Street- Southwest Maint Dist,Operations,"Maint. of St., Sidewalks, Rights-of-way",110.28,0.00,0.00
21-0397-001,10/19/2021,O,,Parks- Northwest Division,Premises,Maint. Building/Premises,49000.00,0.00,0.00
21-0398-001,9/30/2021,F,11/19/2021,Water Distrib - Corona Yard,Operations,Pot Hole,1013.22,0.00,1013.22
21-0399-001,8/2/2021,O,,Unknown Dept/Temporary Use Only,Light Truck,Rear End,2033.64,0.00,0.00
21-0400-001,8/24/2021,O,,Police - Northern Precinct 200,Police Vehicle,Rear End,2621.78,0.00,0.00
21-0401-001,10/18/2021,F,12/20/2021,Water Distrib - Morten Yard,Operations,Water Main Break,1700.00,0.00,1700.00
21-0403-001,11/2/2021,F,11/24/2021,Street- North Maint Dist,Operations,Debris/Object in Road,472.91,0.00,0.00
21-0404-001,11/2/2021,F,12/20/2021,Water Distrib - Reservoir Yard,Operations,Change Meter,285.00,0.00,285.00
21-0405-001,9/28/2021,F,11/24/2021,Pub Wks- Downtown-Metro Facil Mgt/Parkin,Premises,Maint. Building/Premises,1200.00,0.00,0.00
21-0407-001,11/2/2021,O,,Street- North Maint Dist,Operations,"Maint. of St., Sidewalks, Rights-of-way",3742.59,0.00,0.00
21-0408-001,10/18/2021,F,12/10/2021,Pub Wks- Solid Waste Field Services Sout,Refuse/Garbage,Struck Fixed Object,2500.00,0.00,2500.00
21-0440-001,9/10/2021,O,,Pub Wks- Solid Waste Field Services West,Operations,Damage by Mobile Equipment,1179.00,0.00,0.00
21-0441-001,10/9/2021,F,12/1/2021,Street- Southwest Maint Dist,Operations,"Maint. of St., Sidewalks, Rights-of-way",1812.00,0.00,0.00
21-0442-001,9/22/2021,O,,Water Distrib - Morten Yard,Operations,Water Main Break,1290.00,0.00,0.00
21-0444-001,10/15/2021,O,,Police- S. Mountain Precinct 400,Police Vehicle,Failure to Yield,3814.59,0.00,0.00
21-0446-001,10/30/2021,F,11/22/2021,Street- Central Maintenance Dist,Operations,Pot Hole,3123.42,0.00,0.00
21-0447-001,7/27/2021,F,12/1/2021,Water Distrib - Reservoir Yard,Operations,Change Meter,100.00,0.00,0.00
21-0450-001,8/15/2021,F,11/15/2021,Transit- Phoenix Transit-Contract,Bus 21-75,Failure to Yield,7755.12,0.00,0.00
21-0451-001,7/15/2021,F,1/3/2022,Pub Wks- Solid Waste Field Services Nort,Light Truck,Rear End,3890.43,0.00,7556.32
21-0452-001,10/26/2021,F,12/10/2021,Pub Wks- Solid Waste Field Services East,Refuse/Garbage,Struck Fixed Object,1639.10,0.00,1999.10
21-0453-001,9/28/2021,O,,Street- Southeast Maint Dist,Operations,"Maint. of St., Sidewalks, Rights-of-way",73.97,0.00,0.00
21-0454-001,10/7/2021,O,,Pub Wks- Solid Waste Field Services East,Refuse/Garbage,Struck Fixed Object,1121.99,0.00,0.00
21-0455-001,11/6/2021,O,,Water Distrib - Corona Yard,Operations,Flooding,10000.00,0.00,0.00
21-0456-001,10/25/2021,F,11/29/2021,Pub Wks- Solid Waste Field Services Sout,Refuse/Garbage,Failure to Yield,1584.53,0.00,1784.53
21-0458-001,10/23/2021,O,,Police - Northern Precinct 200,Police Vehicle,Lane Change/Pass,4797.99,0.00,0.00
21-0459-001,10/24/2021,O,,Street- North Maint Dist,Operations,Debris/Object in Road,1448.47,0.00,0.00
21-0460-001,10/29/2021,F,11/29/2021,Street- Central Maintenance Dist,Operations,Tar/Paint/Oil,3533.01,0.00,0.00
21-0461-001,8/26/2021,O,,Water Distrib - Morten Yard,Operations,Water Service Related,19449.00,0.00,0.00
21-0462-001,10/14/2021,F,12/13/2021,Street- Traffic Ops/Invest/Sign-Stripe,Medium/Heavy,Turning,870.59,0.00,1010.59
21-0463-001,11/4/2021,O,,Street- North Maint Dist,Operations,Pot Hole,338.17,0.00,0.00
21-0464-001,10/18/2021,O,,Pub Wks- Solid Waste Field Services West,Operations,Damage by Mobile Equipment,7382.00,0.00,0.00
21-0465-001,10/5/2021,O,,Water Distrib - Reservoir Yard,Operations,Excavation Related,65990.00,0.00,0.00
21-0466-001,11/1/2021,F,12/17/2021,Pub Wks- Solid Waste Field Services East,Operations,Damage by Mobile Equipment,600.00,0.00,350.00
21-0468-001,10/22/2021,F,11/29/2021,Street- Southeast Maint Dist,Operations,Debris/Object in Road,4366.85,0.00,0.00
21-0469-001,9/28/2021,O,,NSD- Neighborhood Preservation,Light Truck,Failure to Yield,5500.00,0.00,0.00
21-0471-001,10/3/2021,O,,Water Distrib - Morten Yard,Operations,Water Service Related,,0.00,0.00
21-0473-001,10/29/2021,O,,Street- North Maint Dist,Operations,Debris/Object in Road,794.13,0.00,0.00
21-0474-001,11/8/2021,O,,Aviation- Sky Harbor Airport/Terminals,Operations,Maint. of Equipment,117.47,0.00,0.00
21-0474-002,11/8/2021,O,,Aviation- Sky Harbor Airport/Terminals,Operations,Maint. of Equipment,242.80,0.00,0.00
21-0474-003,11/8/2021,O,,Aviation- Sky Harbor Airport/Terminals,Premises,Maint. Building/Premises,800.00,0.00,0.00
21-0474-004,11/8/2021,O,,Aviation- Sky Harbor Airport/Terminals,Premises,Maint. Building/Premises,640.00,0.00,0.00
21-0474-005,11/8/2021,O,,Aviation- Sky Harbor Airport/Terminals,Premises,Maint. Building/Premises,47.96,0.00,0.00
21-0475-001,8/17/2021,O,,Parks-SpecOps/Aquatcs/Forest/Cityw Sport,Operations,Overhanging Tree,1250.00,0.00,0.00
21-0476-001,9/30/2021,O,,Street- Southwest Maint Dist,Operations,Pot Hole,1528.00,0.00,0.00
21-0477-001,11/14/2021,O,,Street- North Maint Dist,Operations,Pot Hole,1375.00,0.00,0.00
21-0478-001,11/7/2021,O,,Water Distrib - Reservoir Yard,Operations,Sewer Backup,600.00,0.00,0.00
21-0479-001,9/3/2021,O,,Pub Wks- Solid Waste Field Services West,Medium/Heavy,Rear End,100000.00,0.00,0.00
21-0479-002,9/3/2021,O,,Pub Wks- Solid Waste Field Services West,Medium/Heavy,Rear End,65000.00,0.00,0.00
21-0480-001,10/12/2021,F,12/23/2021,Water Distrib - Corona Yard,Operations,Flooding,1800.00,0.00,0.00
21-0482-001,11/3/2021,F,12/17/2021,Pub Wks- Solid Waste Field Services East,Operations,Damage by Mobile Equipment,1791.90,0.00,1791.90
21-0483-001,10/21/2021,O,,Street- Southwest Maint Dist,Operations,Pot Hole,1098.46,0.00,0.00
21-0485-001,9/22/2021,F,12/9/2021,Police-TechSvcs/Rec-ID/Lab/Com911/Prop M,Law Enforcement,Failure/Negligent Investigation,6500.00,0.00,0.00
21-0486-001,9/7/2021,O,,Police- Squaw Peak Precinct 700,Police Vehicle,Failure to Yield,4367.28,0.00,0.00
21-0487-001,9/14/2021,O,,Water Distrib - Reservoir Yard,Light Truck,Rear End,1844.09,0.00,0.00
21-0488-001,10/5/2021,F,12/23/2021,Police-Tactcl/Air/SAU/Bomb/K-9/Dntown Op,Police Vehicle,Struck Fixed Object,758.56,0.00,0.00
21-0489-001,7/1/2021,O,,Water Distrib - Reservoir Yard,Operations,Excavation Related,2850.00,0.00,0.00
21-0490-001,11/15/2021,F,11/29/2021,Transit- Phoenix Transit-Contract,Bus 21-75,Failure to Yield,2500.00,0.00,0.00
21-0491-001,11/12/2021,F,12/27/2021,Street- Southwest Maint Dist,Operations,"Maint. of St., Sidewalks, Rights-of-way",500.00,0.00,0.00
21-0492-001,11/9/2021,O,,Street- Central Maintenance Dist,Operations,Pot Hole,247.44,0.00,0.00
21-0493-001,8/11/2021,F,12/7/2021,Parks-SpecOps/Aquatcs/Forest/Cityw Sport,Operations,"Maint. of St., Sidewalks, Rights-of-way",3475.00,0.00,0.00
21-0494-001,7/10/2021,F,12/15/2021,Street- Southwest Maint Dist,Operations,Construction Area,454.80,0.00,0.00
21-0495-001,10/13/2021,O,,Police- Cactus Park Precinct 900,Police Vehicle,Struck Fixed Object,9229.65,0.00,0.00
21-0496-001,11/4/2021,O,,Pub Wks- Solid Waste Field Services East,Refuse/Garbage,Struck Fixed Object,4420.00,0.00,0.00
21-0499-001,10/20/2021,O,,Police- Central City Precinct 500,Police Vehicle,Rear End,500.00,0.00,0.00
21-0500-001,10/8/2021,O,,Pub Wks- Solid Waste Field Services Sout,Refuse/Garbage,Struck Fixed Object,325.00,0.00,0.00
21-0501-001,9/17/2021,O,,Pub Wks- Solid Waste Field Services East,Operations,Damage by Mobile Equipment,3038.00,0.00,0.00
21-0502-001,10/23/2021,O,,Parks-SpecOps/Aquatcs/Forest/Cityw Sport,Light Truck,Failure to Yield,9163.08,0.00,0.00
21-0504-001,10/12/2021,O,,Pub Wks- Solid Waste Field Services Sout,Refuse/Garbage,Struck Fixed Object,1000.00,0.00,0.00
21-0507-001,11/19/2021,F,12/15/2021,Police- Central City Precinct 500,Police Vehicle,Failure to Yield,4691.85,0.00,0.00
21-0510-001,11/25/2021,O,,Water Distrib - Reservoir Yard,Operations,Water Main Break,12500.00,0.00,0.00
21-0510-002,11/25/2021,O,,Water Distrib - Reservoir Yard,Operations,Water Main Break,10000.00,0.00,0.00
21-0512-001,11/14/2021,F,12/8/2021,Street- Southwest Maint Dist,Operations,Pot Hole,2000.00,0.00,0.00
21-0513-001,8/18/2021,O,,Unknown Dept/Temporary Use Only,Light Truck,Lane Change/Pass,2893.45,0.00,0.00
21-0514-001,11/23/2021,O,,Police- Central City Precinct 500,Operations,"Care, Custody, Control",2500.00,0.00,0.00
21-0515-001,11/10/2021,O,,Fire- Admin/EMS/CAD-Alarm/Safety,Medium/Heavy,Backing,2143.01,0.00,0.00
21-0516-001,9/20/2021,F,12/7/2021,Street- Southwest Maint Dist,Operations,Pot Hole,1546.75,0.00,0.00
21-0517-001,10/6/2021,O,,Water Distrib - Reservoir Yard,Operations,Change Meter,1237.39,0.00,0.00
21-0518-001,10/29/2021,O,,Pub Wks- Solid Waste Field Services East,Premises,Maint. Building/Premises,1323.46,0.00,0.00
21-0520-001,11/19/2021,F,12/17/2021,Pub Wks- Solid Waste Field Services East,Operations,Damage by Mobile Equipment,1850.00,0.00,1850.00
21-0521-001,10/11/2021,O,,Police-Inv/VCB-FIB-Drug Enf-OCB-Prop Cri,Police Vehicle,Failure to Yield,2212.42,0.00,0.00
21-0522-001,7/4/2021,O,,Water Distrib - Corona Yard,Operations,Water Main Break,50000.00,0.00,0.00
21-0523-001,8/24/2021,O,,Pub Wks- Solid Waste Field Services East,Refuse/Garbage,Struck Fixed Object,1535.00,0.00,0.00
21-0524-001,9/14/2021,O,,Fire- Admin/EMS/CAD-Alarm/Safety,EMS/Ambulance,Failure to Yield,500.00,0.00,0.00
21-0525-001,10/7/2021,F,1/3/2022,Pub Wks- Solid Waste Field Services East,Refuse/Garbage,Struck Fixed Object,1894.00,0.00,0.00
21-0526-001,11/30/2021,O,,Parks- Northeast Division,Operations,Damage by Mobile Equipment,524.57,0.00,0.00
21-0527-001,11/22/2021,F,12/27/2021,Pub Wks- Solid Waste Field Services West,Medium/Heavy,Falling Load/Rock,4220.81,0.00,4220.81
21-0528-001,11/26/2021,F,12/17/2021,Pub Wks- Solid Waste Field Services Sout,Operations,Damage by Mobile Equipment,2339.98,0.00,2489.98
21-0529-001,11/11/2021,O,,Street- Southeast Maint Dist,Operations,Missing/Hit Cover,1706.74,0.00,0.00
21-0531-001,11/24/2021,O,,Street- North Maint Dist,Operations,Pot Hole,319.90,0.00,0.00
21-0533-001,10/18/2021,O,,Police- S. Mountain Precinct 400,Police Vehicle,Failure to Yield,11253.76,0.00,0.00
21-0534-001,11/19/2021,O,,Water Distrib - Cave Creek Yard,Operations,Change Meter,348.00,0.00,0.00
21-0537-001,11/5/2021,F,1/3/2022,Pub Wks- Solid Waste Field Services East,Operations,Damage by Mobile Equipment,2880.00,0.00,1860.00
21-0538-001,10/1/2021,O,,Aviation- Sky Harbor Airport/Terminals,Premises,Maint. Building/Premises,437.50,0.00,0.00
21-0539-001,11/16/2021,O,,Pub Wks- Solid Waste Field Services East,Refuse/Garbage,Struck Fixed Object,480.00,0.00,0.00
21-0540-001,11/1/2021,O,,Pub Wks- Solid Waste Field Services West,Refuse/Garbage,Struck Fixed Object,5350.00,0.00,0.00
21-0541-001,11/23/2021,O,,Street- Southwest Maint Dist,Operations,"Maint. of St., Sidewalks, Rights-of-way",8276.90,0.00,0.00
21-0542-001,11/24/2021,O,,Pub Wks- Solid Waste Field Services Nort,Refuse/Garbage,Struck Fixed Object,195.00,0.00,0.00
21-0543-001,7/14/2021,O,,Water Distrib - Morten Yard,Operations,Water Main Break,15552.45,0.00,0.00
21-0544-001,11/10/2021,O,,Pub Wks- Solid Waste Field Services Sout,Refuse/Garbage,Struck Fixed Object,1175.00,0.00,0.00
21-0545-001,12/6/2021,O,,Water Distrib - Corona Yard,Operations,Flooding,,0.00,0.00
21-0546-001,12/10/2021,F,12/20/2021,Pub Wks- Solid Waste Field Services East,Operations,Damage by Mobile Equipment,,0.00,1085.65
21-0547-001,12/2/2021,O,,Street- Southwest Maint Dist,Operations,Debris/Object in Road,545.00,0.00,0.00
21-0548-001,7/27/2021,F,12/15/2021,Transit- Phoenix Transit-Contract,Bus 21-75,Rear End,20902.99,0.00,0.00
21-0548-002,7/27/2021,F,12/14/2021,Transit- Phoenix Transit-Contract,Bus 21-75,Rear End,50000.00,0.00,0.00
21-0548-003,7/27/2021,F,12/14/2021,Transit- Phoenix Transit-Contract,Bus 21-75,Rear End,50000.00,0.00,0.00
21-0549-001,12/3/2021,O,,Aviation- Sky Harbor Airport/Terminals,Premises,Maint. Building/Premises,49224.32,0.00,0.00
21-0550-001,12/6/2021,O,,Street- North Maint Dist,Operations,Missing/Hit Cover,265.90,0.00,0.00
21-0551-001,12/4/2021,O,,Street- Central Maintenance Dist,Refuse/Garbage,Struck Fixed Object,4900.00,0.00,0.00
21-0552-001,12/9/2021,O,,Pub Wks- Solid Waste Field Services East,Medium/Heavy,Struck Fixed Object,4450.00,0.00,0.00
21-0553-001,8/13/2021,O,,Police- Maryvale Precinct 800,Police Vehicle,Rear End,41885.60,0.00,0.00
21-0554-001,12/2/2021,F,12/16/2021,Transit- Phoenix Transit-Contract,Bus 21-75,Other,100000.00,0.00,0.00
21-0555-001,12/7/2021,F,12/20/2021,Library- Admin,Operations,Other,10000.00,0.00,0.00
21-0556-001,12/9/2021,F,12/20/2021,Muni Ct-Admin/Criminal/Civil/Judges/X-Ra,Operations,Other,10000.00,0.00,0.00
21-0557-001,12/7/2021,F,12/20/2021,Police- Central City Precinct 500,Operations,Other,10000.00,0.00,0.00
21-0558-001,11/12/2021,O,,Parks- Northeast Division,Premises,Maint. Building/Premises,516.40,0.00,0.00
21-0559-001,11/29/2021,O,,Police- Maryvale Precinct 800,Police Vehicle,Rear End,2618.57,0.00,0.00
21-0560-001,10/28/2021,O,,Police- Desert Horizon Precinct 600,Law Enforcement,Forced Entry,1600.00,0.00,0.00
21-0561-001,7/11/2021,O,,Street- Southwest Maint Dist,Operations,"Care, Custody, Control",50000.00,0.00,0.00
21-0562-001,7/15/2021,O,,Water Distrib - Cave Creek Yard,Light Truck,Rear End,110479.54,0.00,0.00
21-0563-001,12/1/2021,F,12/30/2021,Aviation- Sky Harbor Airport/Terminals,Premises,Maint. Building/Premises,2187.09,0.00,0.00
21-0565-001,7/16/2021,O,,Police- Maryvale Precinct 800,Law Enforcement,Excessive Force,2600000.00,0.00,0.00
21-0566-001,12/15/2021,O,,Water Distrib - Reservoir Yard,Operations,Water Main Break,,0.00,0.00
21-0567-001,12/9/2021,F,12/22/2021,Street- Central Maintenance Dist,Operations,Damage to Property/Injury to Persons,2436.30,0.00,0.00
21-0568-001,12/16/2021,O,,Water Distrib - Reservoir Yard,Operations,Water Main Break,20000.00,0.00,0.00
21-0569-001,12/15/2021,O,,Water Distrib - Reservoir Yard,Operations,Water Main Break,20000.00,0.00,0.00
21-0569-002,12/15/2021,O,,Water Distrib - Reservoir Yard,Operations,Water Main Break,10000.00,0.00,0.00
21-0570-001,11/30/2021,O,,Water Distrib - Reservoir Yard,Operations,Water Main Break,7500.00,0.00,0.00
21-0571-001,7/6/2021,O,,Police- S. Mountain Precinct 400,Law Enforcement,Dog Bite,6000000.00,0.00,0.00
21-0571-002,7/6/2021,O,,Police- S. Mountain Precinct 400,Law Enforcement,Dog Bite,1000000.00,0.00,0.00
21-0571-003,7/6/2021,O,,Police- S. Mountain Precinct 400,Law Enforcement,Dog Bite,,0.00,0.00
21-0571-004,7/6/2021,O,,Police- S. Mountain Precinct 400,Law Enforcement,Dog Bite,1000000.00,0.00,0.00
21-0571-005,7/6/2021,O,,Police- S. Mountain Precinct 400,Law Enforcement,Dog Bite,1000000.00,0.00,0.00
21-0571-006,7/6/2021,O,,Police- S. Mountain Precinct 400,Law Enforcement,Dog Bite,1000000.00,0.00,0.00
21-0571-007,7/6/2021,O,,Police- S. Mountain Precinct 400,Law Enforcement,Dog Bite,1000000.00,0.00,0.00
21-0573-001,8/10/2021,O,,Street- Central Maintenance Dist,Operations,Negligent Design,2500000.00,0.00,0.00
21-0573-002,8/10/2021,O,,Street- Central Maintenance Dist,Operations,Negligent Design,2500000.00,0.00,0.00
21-0574-001,9/1/2021,O,,Planning-Residntl Plan Rev/Inspection-New/Remodl/Addtn,Light Truck,Rear End,4070.41,0.00,0.00
21-0575-001,7/3/2021,O,,Police- Central City Precinct 500,Police Vehicle,Rear End,99000.00,0.00,0.00
21-0576-001,12/6/2021,O,,Street- Central Maintenance Dist,Operations,"Maint. of St., Sidewalks, Rights-of-way",1125.68,0.00,0.00
21-0577-001,7/3/2021,O,,Aviation- Sky Harbor Airport/Terminals,Premises,Maint. Building/Premises,250000.00,0.00,0.00
21-0578-001,8/4/2021,O,,Police- Desert Horizon Precinct 600,Police Vehicle,Police Pursuit,3000.00,0.00,0.00
21-0579-001,12/15/2021,O,,Pub Wks- Solid Waste Field Services Nort,Refuse/Garbage,Struck Fixed Object,540.00,0.00,0.00
21-0580-001,12/22/2021,O,,Police- Maryvale Precinct 800,Police Vehicle,Emergency Maneuver,4757.59,0.00,0.00
21-0581-001,12/20/2021,O,,Pub Wks- Solid Waste Field Services East,Refuse/Garbage,Struck Fixed Object,,0.00,0.00
21-0582-001,12/24/2021,O,,Water Distrib - Corona Yard,Operations,Water Main Break,,0.00,0.00
21-0583-001,9/12/2021,F,12/30/2021,Transit- Phoenix Transit-Contract,Bus 21-75,Other,3000.00,0.00,0.00
21-0585-001,12/1/2021,O,,Police-Tactcl/Air/SAU/Bomb/K-9/Dntown Op,Police Vehicle,Rear End,2349.89,0.00,0.00
21-0586-001,11/15/2021,O,,Parks-SpecOps/Aquatcs/Forest/Cityw Sport,Operations,Overhanging Tree,250.00,0.00,0.00
21-0587-001,7/2/2021,O,,Aviation- Sky Harbor Airport/Terminals,Premises,Maint. Building/Premises,35000.00,0.00,0.00
21-0588-001,12/24/2021,O,,Water Distrib - Reservoir Yard,Operations,Sewer Backup,150.00,0.00,0.00
21-9002-001,8/2/2021,O,,Planning Director's Office - Admin,Contract Dispute,Business/Development/Financial Contract,,0.00,0.00
21-9005-001,9/27/2021,O,,Police- Central City Precinct 500,Law Enforcement,Law Enforcement Misc,,0.00,0.00
21-9005-002,9/27/2021,O,,Police- Central City Precinct 500,Law Enforcement,Law Enforcement Misc,,0.00,0.00
21-9005-003,9/27/2021,O,,Police- Central City Precinct 500,Law Enforcement,Law Enforcement Misc,,0.00,0.00
21-9006-001,11/12/2021,O,,Equal Opprty- Admin/Enforcemt/Aff Action,Public Officials,Public Officials Liability,,0.00,0.00
21-9007-001,11/19/2021,O,,Equal Opprty- Admin/Enforcemt/Aff Action,Public Officials,Public Officials Liability,,0.00,0.00
